Accident_ID,Severity
1,Highly_Fatal_And_Damaging
10,Minor_Damage_And_Injuries
14,Minor_Damage_And_Injuries
17,Significant_Damage_And_Serious_Injuries
21,Highly_Fatal_And_Damaging
40,Highly_Fatal_And_Damaging
45,Minor_Damage_And_Injuries
50,Significant_Damage_And_Serious_Injuries
52,Significant_Damage_And_Fatalities
85,Highly_Fatal_And_Damaging
95,Minor_Damage_And_Injuries
106,Minor_Damage_And_Injuries
111,Minor_Damage_And_Injuries
123,Highly_Fatal_And_Damaging
129,Minor_Damage_And_Injuries
130,Significant_Damage_And_Fatalities
132,Minor_Damage_And_Injuries
137,Significant_Damage_And_Serious_Injuries
159,Highly_Fatal_And_Damaging
161,Minor_Damage_And_Injuries
162,Significant_Damage_And_Fatalities
166,Highly_Fatal_And_Damaging
170,Significant_Damage_And_Fatalities
173,Significant_Damage_And_Serious_Injuries
177,Significant_Damage_And_Serious_Injuries
180,Significant_Damage_And_Serious_Injuries
182,Significant_Damage_And_Serious_Injuries
183,Significant_Damage_And_Serious_Injuries
184,Highly_Fatal_And_Damaging
188,Highly_Fatal_And_Damaging
190,Significant_Damage_And_Fatalities
191,Minor_Damage_And_Injuries
201,Minor_Damage_And_Injuries
203,Highly_Fatal_And_Damaging
206,Minor_Damage_And_Injuries
217,Highly_Fatal_And_Damaging
220,Highly_Fatal_And_Damaging
221,Significant_Damage_And_Serious_Injuries
225,Highly_Fatal_And_Damaging
229,Significant_Damage_And_Serious_Injuries
231,Significant_Damage_And_Serious_Injuries
232,Minor_Damage_And_Injuries
234,Highly_Fatal_And_Damaging
236,Significant_Damage_And_Fatalities
237,Highly_Fatal_And_Damaging
240,Highly_Fatal_And_Damaging
245,Significant_Damage_And_Serious_Injuries
250,Minor_Damage_And_Injuries
252,Highly_Fatal_And_Damaging
254,Minor_Damage_And_Injuries
261,Minor_Damage_And_Injuries
265,Significant_Damage_And_Serious_Injuries
266,Significant_Damage_And_Serious_Injuries
271,Significant_Damage_And_Serious_Injuries
273,Minor_Damage_And_Injuries
274,Minor_Damage_And_Injuries
275,Minor_Damage_And_Injuries
280,Minor_Damage_And_Injuries
285,Minor_Damage_And_Injuries
292,Highly_Fatal_And_Damaging
304,Minor_Damage_And_Injuries
311,Minor_Damage_And_Injuries
316,Significant_Damage_And_Serious_Injuries
317,Minor_Damage_And_Injuries
318,Significant_Damage_And_Serious_Injuries
321,Significant_Damage_And_Serious_Injuries
322,Minor_Damage_And_Injuries
327,Minor_Damage_And_Injuries
332,Minor_Damage_And_Injuries
338,Minor_Damage_And_Injuries
356,Minor_Damage_And_Injuries
364,Minor_Damage_And_Injuries
372,Significant_Damage_And_Serious_Injuries
379,Highly_Fatal_And_Damaging
380,Significant_Damage_And_Fatalities
384,Significant_Damage_And_Serious_Injuries
388,Significant_Damage_And_Fatalities
390,Minor_Damage_And_Injuries
401,Highly_Fatal_And_Damaging
408,Minor_Damage_And_Injuries
413,Significant_Damage_And_Serious_Injuries
416,Highly_Fatal_And_Damaging
426,Highly_Fatal_And_Damaging
428,Significant_Damage_And_Fatalities
432,Significant_Damage_And_Fatalities
433,Highly_Fatal_And_Damaging
437,Minor_Damage_And_Injuries
440,Minor_Damage_And_Injuries
444,Highly_Fatal_And_Damaging
447,Minor_Damage_And_Injuries
451,Minor_Damage_And_Injuries
461,Significant_Damage_And_Serious_Injuries
469,Highly_Fatal_And_Damaging
470,Significant_Damage_And_Serious_Injuries
481,Minor_Damage_And_Injuries
483,Significant_Damage_And_Fatalities
490,Significant_Damage_And_Fatalities
491,Highly_Fatal_And_Damaging
494,Highly_Fatal_And_Damaging
495,Minor_Damage_And_Injuries
497,Minor_Damage_And_Injuries
504,Highly_Fatal_And_Damaging
509,Minor_Damage_And_Injuries
511,Significant_Damage_And_Serious_Injuries
513,Significant_Damage_And_Serious_Injuries
514,Significant_Damage_And_Serious_Injuries
518,Minor_Damage_And_Injuries
520,Significant_Damage_And_Fatalities
526,Minor_Damage_And_Injuries
529,Minor_Damage_And_Injuries
530,Highly_Fatal_And_Damaging
532,Minor_Damage_And_Injuries
536,Highly_Fatal_And_Damaging
543,Minor_Damage_And_Injuries
553,Highly_Fatal_And_Damaging
559,Highly_Fatal_And_Damaging
561,Minor_Damage_And_Injuries
563,Minor_Damage_And_Injuries
566,Highly_Fatal_And_Damaging
593,Significant_Damage_And_Serious_Injuries
595,Highly_Fatal_And_Damaging
597,Significant_Damage_And_Fatalities
602,Minor_Damage_And_Injuries
604,Highly_Fatal_And_Damaging
615,Significant_Damage_And_Fatalities
617,Highly_Fatal_And_Damaging
618,Significant_Damage_And_Fatalities
622,Highly_Fatal_And_Damaging
626,Highly_Fatal_And_Damaging
633,Highly_Fatal_And_Damaging
636,Minor_Damage_And_Injuries
642,Highly_Fatal_And_Damaging
648,Significant_Damage_And_Serious_Injuries
651,Significant_Damage_And_Serious_Injuries
653,Minor_Damage_And_Injuries
658,Significant_Damage_And_Fatalities
659,Highly_Fatal_And_Damaging
660,Minor_Damage_And_Injuries
662,Highly_Fatal_And_Damaging
665,Significant_Damage_And_Serious_Injuries
674,Highly_Fatal_And_Damaging
676,Highly_Fatal_And_Damaging
682,Highly_Fatal_And_Damaging
686,Highly_Fatal_And_Damaging
687,Significant_Damage_And_Serious_Injuries
692,Highly_Fatal_And_Damaging
699,Highly_Fatal_And_Damaging
703,Highly_Fatal_And_Damaging
706,Highly_Fatal_And_Damaging
708,Minor_Damage_And_Injuries
714,Minor_Damage_And_Injuries
719,Highly_Fatal_And_Damaging
721,Highly_Fatal_And_Damaging
725,Minor_Damage_And_Injuries
728,Highly_Fatal_And_Damaging
733,Highly_Fatal_And_Damaging
735,Significant_Damage_And_Serious_Injuries
736,Significant_Damage_And_Fatalities
745,Highly_Fatal_And_Damaging
762,Minor_Damage_And_Injuries
768,Minor_Damage_And_Injuries
773,Significant_Damage_And_Serious_Injuries
777,Highly_Fatal_And_Damaging
781,Minor_Damage_And_Injuries
782,Minor_Damage_And_Injuries
797,Highly_Fatal_And_Damaging
801,Highly_Fatal_And_Damaging
815,Significant_Damage_And_Fatalities
818,Highly_Fatal_And_Damaging
824,Minor_Damage_And_Injuries
832,Highly_Fatal_And_Damaging
834,Minor_Damage_And_Injuries
842,Significant_Damage_And_Fatalities
850,Highly_Fatal_And_Damaging
855,Significant_Damage_And_Fatalities
860,Highly_Fatal_And_Damaging
865,Significant_Damage_And_Serious_Injuries
867,Significant_Damage_And_Serious_Injuries
868,Highly_Fatal_And_Damaging
873,Minor_Damage_And_Injuries
876,Minor_Damage_And_Injuries
882,Minor_Damage_And_Injuries
886,Significant_Damage_And_Serious_Injuries
887,Minor_Damage_And_Injuries
888,Highly_Fatal_And_Damaging
889,Significant_Damage_And_Serious_Injuries
898,Minor_Damage_And_Injuries
902,Significant_Damage_And_Serious_Injuries
908,Significant_Damage_And_Serious_Injuries
909,Highly_Fatal_And_Damaging
914,Minor_Damage_And_Injuries
927,Highly_Fatal_And_Damaging
940,Minor_Damage_And_Injuries
944,Significant_Damage_And_Serious_Injuries
950,Highly_Fatal_And_Damaging
951,Highly_Fatal_And_Damaging
953,Minor_Damage_And_Injuries
956,Significant_Damage_And_Serious_Injuries
967,Minor_Damage_And_Injuries
977,Significant_Damage_And_Serious_Injuries
978,Significant_Damage_And_Serious_Injuries
979,Significant_Damage_And_Serious_Injuries
982,Significant_Damage_And_Serious_Injuries
989,Minor_Damage_And_Injuries
990,Highly_Fatal_And_Damaging
999,Minor_Damage_And_Injuries
1005,Significant_Damage_And_Serious_Injuries
1011,Significant_Damage_And_Serious_Injuries
1013,Minor_Damage_And_Injuries
1015,Minor_Damage_And_Injuries
1018,Significant_Damage_And_Serious_Injuries
1021,Highly_Fatal_And_Damaging
1022,Highly_Fatal_And_Damaging
1024,Minor_Damage_And_Injuries
1025,Highly_Fatal_And_Damaging
1031,Highly_Fatal_And_Damaging
1036,Highly_Fatal_And_Damaging
1048,Significant_Damage_And_Fatalities
1050,Minor_Damage_And_Injuries
1055,Minor_Damage_And_Injuries
1057,Significant_Damage_And_Fatalities
1072,Highly_Fatal_And_Damaging
1075,Significant_Damage_And_Serious_Injuries
1082,Significant_Damage_And_Serious_Injuries
1102,Highly_Fatal_And_Damaging
1103,Significant_Damage_And_Serious_Injuries
1109,Significant_Damage_And_Serious_Injuries
1114,Minor_Damage_And_Injuries
1116,Highly_Fatal_And_Damaging
1123,Significant_Damage_And_Fatalities
1127,Significant_Damage_And_Fatalities
1135,Significant_Damage_And_Fatalities
1143,Minor_Damage_And_Injuries
1144,Highly_Fatal_And_Damaging
1147,Significant_Damage_And_Serious_Injuries
1149,Minor_Damage_And_Injuries
1155,Minor_Damage_And_Injuries
1158,Highly_Fatal_And_Damaging
1160,Significant_Damage_And_Serious_Injuries
1164,Minor_Damage_And_Injuries
1170,Highly_Fatal_And_Damaging
1175,Highly_Fatal_And_Damaging
1179,Minor_Damage_And_Injuries
1186,Minor_Damage_And_Injuries
1193,Significant_Damage_And_Serious_Injuries
1197,Highly_Fatal_And_Damaging
1198,Highly_Fatal_And_Damaging
1207,Highly_Fatal_And_Damaging
1213,Minor_Damage_And_Injuries
1217,Significant_Damage_And_Fatalities
1226,Minor_Damage_And_Injuries
1227,Highly_Fatal_And_Damaging
1234,Highly_Fatal_And_Damaging
1238,Significant_Damage_And_Fatalities
1240,Significant_Damage_And_Serious_Injuries
1242,Highly_Fatal_And_Damaging
1250,Significant_Damage_And_Fatalities
1251,Highly_Fatal_And_Damaging
1256,Significant_Damage_And_Serious_Injuries
1258,Minor_Damage_And_Injuries
1269,Highly_Fatal_And_Damaging
1270,Minor_Damage_And_Injuries
1271,Highly_Fatal_And_Damaging
1272,Highly_Fatal_And_Damaging
1279,Minor_Damage_And_Injuries
1282,Minor_Damage_And_Injuries
1284,Minor_Damage_And_Injuries
1285,Highly_Fatal_And_Damaging
1286,Highly_Fatal_And_Damaging
1294,Minor_Damage_And_Injuries
1305,Highly_Fatal_And_Damaging
1310,Minor_Damage_And_Injuries
1312,Highly_Fatal_And_Damaging
1325,Highly_Fatal_And_Damaging
1333,Highly_Fatal_And_Damaging
1343,Minor_Damage_And_Injuries
1347,Highly_Fatal_And_Damaging
1348,Highly_Fatal_And_Damaging
1350,Highly_Fatal_And_Damaging
1355,Highly_Fatal_And_Damaging
1357,Significant_Damage_And_Fatalities
1371,Minor_Damage_And_Injuries
1378,Significant_Damage_And_Serious_Injuries
1393,Highly_Fatal_And_Damaging
1398,Significant_Damage_And_Serious_Injuries
1405,Highly_Fatal_And_Damaging
1406,Highly_Fatal_And_Damaging
1407,Minor_Damage_And_Injuries
1421,Highly_Fatal_And_Damaging
1431,Significant_Damage_And_Serious_Injuries
1432,Significant_Damage_And_Serious_Injuries
1437,Minor_Damage_And_Injuries
1439,Minor_Damage_And_Injuries
1440,Minor_Damage_And_Injuries
1441,Significant_Damage_And_Serious_Injuries
1442,Highly_Fatal_And_Damaging
1448,Minor_Damage_And_Injuries
1450,Minor_Damage_And_Injuries
1453,Highly_Fatal_And_Damaging
1454,Significant_Damage_And_Fatalities
1460,Highly_Fatal_And_Damaging
1461,Highly_Fatal_And_Damaging
1473,Significant_Damage_And_Fatalities
1481,Significant_Damage_And_Serious_Injuries
1488,Significant_Damage_And_Fatalities
1499,Significant_Damage_And_Fatalities
1502,Significant_Damage_And_Serious_Injuries
1505,Minor_Damage_And_Injuries
1511,Significant_Damage_And_Fatalities
1516,Highly_Fatal_And_Damaging
1523,Minor_Damage_And_Injuries
1527,Significant_Damage_And_Serious_Injuries
1560,Minor_Damage_And_Injuries
1566,Significant_Damage_And_Fatalities
1567,Minor_Damage_And_Injuries
1568,Highly_Fatal_And_Damaging
1569,Highly_Fatal_And_Damaging
1570,Minor_Damage_And_Injuries
1576,Highly_Fatal_And_Damaging
1589,Significant_Damage_And_Serious_Injuries
1592,Highly_Fatal_And_Damaging
1598,Minor_Damage_And_Injuries
1599,Minor_Damage_And_Injuries
1600,Minor_Damage_And_Injuries
1607,Significant_Damage_And_Fatalities
1608,Significant_Damage_And_Serious_Injuries
1611,Significant_Damage_And_Fatalities
1613,Significant_Damage_And_Fatalities
1623,Highly_Fatal_And_Damaging
1647,Minor_Damage_And_Injuries
1649,Minor_Damage_And_Injuries
1658,Significant_Damage_And_Serious_Injuries
1662,Highly_Fatal_And_Damaging
1668,Minor_Damage_And_Injuries
1676,Highly_Fatal_And_Damaging
1678,Minor_Damage_And_Injuries
1682,Highly_Fatal_And_Damaging
1690,Minor_Damage_And_Injuries
1701,Significant_Damage_And_Serious_Injuries
1710,Minor_Damage_And_Injuries
1723,Significant_Damage_And_Serious_Injuries
1725,Minor_Damage_And_Injuries
1747,Minor_Damage_And_Injuries
1748,Significant_Damage_And_Fatalities
1754,Minor_Damage_And_Injuries
1756,Significant_Damage_And_Serious_Injuries
1757,Minor_Damage_And_Injuries
1770,Significant_Damage_And_Fatalities
1774,Highly_Fatal_And_Damaging
1776,Highly_Fatal_And_Damaging
1789,Highly_Fatal_And_Damaging
1794,Highly_Fatal_And_Damaging
1804,Minor_Damage_And_Injuries
1806,Highly_Fatal_And_Damaging
1807,Significant_Damage_And_Serious_Injuries
1811,Minor_Damage_And_Injuries
1814,Highly_Fatal_And_Damaging
1826,Minor_Damage_And_Injuries
1832,Minor_Damage_And_Injuries
1835,Highly_Fatal_And_Damaging
1839,Minor_Damage_And_Injuries
1840,Highly_Fatal_And_Damaging
1848,Minor_Damage_And_Injuries
1849,Highly_Fatal_And_Damaging
1850,Highly_Fatal_And_Damaging
1854,Significant_Damage_And_Fatalities
1861,Highly_Fatal_And_Damaging
1866,Minor_Damage_And_Injuries
1868,Significant_Damage_And_Serious_Injuries
1872,Highly_Fatal_And_Damaging
1875,Highly_Fatal_And_Damaging
1877,Highly_Fatal_And_Damaging
1879,Minor_Damage_And_Injuries
1880,Highly_Fatal_And_Damaging
1892,Highly_Fatal_And_Damaging
1896,Minor_Damage_And_Injuries
1898,Highly_Fatal_And_Damaging
1899,Significant_Damage_And_Serious_Injuries
1903,Minor_Damage_And_Injuries
1909,Significant_Damage_And_Serious_Injuries
1912,Minor_Damage_And_Injuries
1920,Highly_Fatal_And_Damaging
1933,Significant_Damage_And_Serious_Injuries
1940,Highly_Fatal_And_Damaging
1941,Significant_Damage_And_Serious_Injuries
1944,Minor_Damage_And_Injuries
1946,Minor_Damage_And_Injuries
1950,Significant_Damage_And_Serious_Injuries
1955,Minor_Damage_And_Injuries
1957,Minor_Damage_And_Injuries
1958,Minor_Damage_And_Injuries
1965,Highly_Fatal_And_Damaging
1971,Significant_Damage_And_Serious_Injuries
1974,Highly_Fatal_And_Damaging
1980,Highly_Fatal_And_Damaging
1984,Highly_Fatal_And_Damaging
1990,Minor_Damage_And_Injuries
1991,Significant_Damage_And_Serious_Injuries
1994,Highly_Fatal_And_Damaging
1997,Significant_Damage_And_Serious_Injuries
2006,Minor_Damage_And_Injuries
2008,Highly_Fatal_And_Damaging
2013,Significant_Damage_And_Serious_Injuries
2015,Highly_Fatal_And_Damaging
2016,Highly_Fatal_And_Damaging
2021,Highly_Fatal_And_Damaging
2023,Highly_Fatal_And_Damaging
2038,Highly_Fatal_And_Damaging
2040,Minor_Damage_And_Injuries
2048,Significant_Damage_And_Serious_Injuries
2063,Minor_Damage_And_Injuries
2073,Significant_Damage_And_Fatalities
2075,Highly_Fatal_And_Damaging
2081,Highly_Fatal_And_Damaging
2082,Significant_Damage_And_Serious_Injuries
2086,Highly_Fatal_And_Damaging
2090,Highly_Fatal_And_Damaging
2091,Significant_Damage_And_Serious_Injuries
2094,Highly_Fatal_And_Damaging
2096,Highly_Fatal_And_Damaging
2097,Highly_Fatal_And_Damaging
2101,Significant_Damage_And_Serious_Injuries
2103,Highly_Fatal_And_Damaging
2106,Highly_Fatal_And_Damaging
2107,Minor_Damage_And_Injuries
2113,Minor_Damage_And_Injuries
2122,Minor_Damage_And_Injuries
2123,Significant_Damage_And_Fatalities
2132,Significant_Damage_And_Serious_Injuries
2134,Significant_Damage_And_Serious_Injuries
2141,Highly_Fatal_And_Damaging
2145,Highly_Fatal_And_Damaging
2147,Minor_Damage_And_Injuries
2149,Significant_Damage_And_Fatalities
2155,Significant_Damage_And_Fatalities
2161,Minor_Damage_And_Injuries
2177,Highly_Fatal_And_Damaging
2179,Significant_Damage_And_Serious_Injuries
2182,Highly_Fatal_And_Damaging
2192,Highly_Fatal_And_Damaging
2195,Minor_Damage_And_Injuries
2196,Significant_Damage_And_Serious_Injuries
2197,Minor_Damage_And_Injuries
2199,Minor_Damage_And_Injuries
2204,Minor_Damage_And_Injuries
2206,Minor_Damage_And_Injuries
2212,Highly_Fatal_And_Damaging
2215,Significant_Damage_And_Serious_Injuries
2217,Minor_Damage_And_Injuries
2220,Minor_Damage_And_Injuries
2222,Highly_Fatal_And_Damaging
2227,Minor_Damage_And_Injuries
2239,Highly_Fatal_And_Damaging
2241,Minor_Damage_And_Injuries
2246,Highly_Fatal_And_Damaging
2254,Significant_Damage_And_Fatalities
2255,Highly_Fatal_And_Damaging
2259,Highly_Fatal_And_Damaging
2263,Minor_Damage_And_Injuries
2264,Highly_Fatal_And_Damaging
2269,Highly_Fatal_And_Damaging
2281,Significant_Damage_And_Serious_Injuries
2284,Highly_Fatal_And_Damaging
2285,Significant_Damage_And_Serious_Injuries
2292,Significant_Damage_And_Serious_Injuries
2293,Highly_Fatal_And_Damaging
2299,Highly_Fatal_And_Damaging
2301,Highly_Fatal_And_Damaging
2302,Highly_Fatal_And_Damaging
2303,Highly_Fatal_And_Damaging
2307,Highly_Fatal_And_Damaging
2315,Significant_Damage_And_Serious_Injuries
2316,Highly_Fatal_And_Damaging
2317,Significant_Damage_And_Serious_Injuries
2320,Significant_Damage_And_Serious_Injuries
2322,Minor_Damage_And_Injuries
2334,Minor_Damage_And_Injuries
2336,Highly_Fatal_And_Damaging
2342,Highly_Fatal_And_Damaging
2343,Minor_Damage_And_Injuries
2349,Significant_Damage_And_Serious_Injuries
2354,Significant_Damage_And_Serious_Injuries
2357,Significant_Damage_And_Fatalities
2364,Highly_Fatal_And_Damaging
2370,Highly_Fatal_And_Damaging
2379,Significant_Damage_And_Serious_Injuries
2389,Significant_Damage_And_Serious_Injuries
2400,Significant_Damage_And_Serious_Injuries
2402,Highly_Fatal_And_Damaging
2406,Highly_Fatal_And_Damaging
2427,Significant_Damage_And_Serious_Injuries
2429,Highly_Fatal_And_Damaging
2435,Minor_Damage_And_Injuries
2438,Significant_Damage_And_Serious_Injuries
2439,Significant_Damage_And_Serious_Injuries
2449,Significant_Damage_And_Serious_Injuries
2454,Highly_Fatal_And_Damaging
2455,Minor_Damage_And_Injuries
2462,Minor_Damage_And_Injuries
2471,Highly_Fatal_And_Damaging
2472,Significant_Damage_And_Fatalities
2475,Significant_Damage_And_Serious_Injuries
2476,Minor_Damage_And_Injuries
2483,Minor_Damage_And_Injuries
2485,Highly_Fatal_And_Damaging
2488,Highly_Fatal_And_Damaging
2492,Significant_Damage_And_Serious_Injuries
2494,Highly_Fatal_And_Damaging
2504,Significant_Damage_And_Serious_Injuries
2510,Minor_Damage_And_Injuries
2516,Minor_Damage_And_Injuries
2517,Highly_Fatal_And_Damaging
2519,Highly_Fatal_And_Damaging
2527,Significant_Damage_And_Serious_Injuries
2529,Highly_Fatal_And_Damaging
2540,Significant_Damage_And_Serious_Injuries
2546,Significant_Damage_And_Fatalities
2553,Significant_Damage_And_Serious_Injuries
2554,Minor_Damage_And_Injuries
2558,Significant_Damage_And_Serious_Injuries
2572,Significant_Damage_And_Serious_Injuries
2585,Highly_Fatal_And_Damaging
2587,Minor_Damage_And_Injuries
2597,Highly_Fatal_And_Damaging
2599,Significant_Damage_And_Serious_Injuries
2600,Highly_Fatal_And_Damaging
2601,Highly_Fatal_And_Damaging
2608,Highly_Fatal_And_Damaging
2613,Highly_Fatal_And_Damaging
2616,Highly_Fatal_And_Damaging
2619,Highly_Fatal_And_Damaging
2620,Significant_Damage_And_Fatalities
2621,Highly_Fatal_And_Damaging
2622,Significant_Damage_And_Fatalities
2623,Minor_Damage_And_Injuries
2634,Highly_Fatal_And_Damaging
2636,Highly_Fatal_And_Damaging
2640,Minor_Damage_And_Injuries
2643,Highly_Fatal_And_Damaging
2646,Significant_Damage_And_Serious_Injuries
2651,Minor_Damage_And_Injuries
2653,Minor_Damage_And_Injuries
2654,Minor_Damage_And_Injuries
2657,Significant_Damage_And_Serious_Injuries
2658,Minor_Damage_And_Injuries
2664,Significant_Damage_And_Serious_Injuries
2667,Significant_Damage_And_Fatalities
2668,Minor_Damage_And_Injuries
2680,Minor_Damage_And_Injuries
2682,Highly_Fatal_And_Damaging
2692,Significant_Damage_And_Serious_Injuries
2693,Significant_Damage_And_Serious_Injuries
2695,Highly_Fatal_And_Damaging
2697,Significant_Damage_And_Serious_Injuries
2698,Minor_Damage_And_Injuries
2703,Highly_Fatal_And_Damaging
2718,Highly_Fatal_And_Damaging
2728,Highly_Fatal_And_Damaging
2729,Significant_Damage_And_Serious_Injuries
2736,Significant_Damage_And_Serious_Injuries
2737,Significant_Damage_And_Serious_Injuries
2738,Highly_Fatal_And_Damaging
2739,Significant_Damage_And_Serious_Injuries
2746,Highly_Fatal_And_Damaging
2750,Minor_Damage_And_Injuries
2755,Highly_Fatal_And_Damaging
2764,Highly_Fatal_And_Damaging
2767,Significant_Damage_And_Serious_Injuries
2769,Significant_Damage_And_Serious_Injuries
2772,Highly_Fatal_And_Damaging
2777,Minor_Damage_And_Injuries
2778,Highly_Fatal_And_Damaging
2779,Minor_Damage_And_Injuries
2780,Highly_Fatal_And_Damaging
2785,Significant_Damage_And_Serious_Injuries
2793,Significant_Damage_And_Serious_Injuries
2801,Highly_Fatal_And_Damaging
2814,Significant_Damage_And_Fatalities
2821,Minor_Damage_And_Injuries
2828,Highly_Fatal_And_Damaging
2834,Highly_Fatal_And_Damaging
2844,Highly_Fatal_And_Damaging
2848,Minor_Damage_And_Injuries
2850,Highly_Fatal_And_Damaging
2852,Highly_Fatal_And_Damaging
2860,Highly_Fatal_And_Damaging
2861,Highly_Fatal_And_Damaging
2864,Highly_Fatal_And_Damaging
2868,Highly_Fatal_And_Damaging
2886,Significant_Damage_And_Fatalities
2887,Highly_Fatal_And_Damaging
2890,Highly_Fatal_And_Damaging
2892,Significant_Damage_And_Serious_Injuries
2907,Highly_Fatal_And_Damaging
2908,Highly_Fatal_And_Damaging
2909,Highly_Fatal_And_Damaging
2914,Significant_Damage_And_Serious_Injuries
2917,Significant_Damage_And_Serious_Injuries
2923,Highly_Fatal_And_Damaging
2924,Minor_Damage_And_Injuries
2934,Minor_Damage_And_Injuries
2937,Highly_Fatal_And_Damaging
2945,Significant_Damage_And_Serious_Injuries
2948,Highly_Fatal_And_Damaging
2950,Minor_Damage_And_Injuries
2953,Significant_Damage_And_Fatalities
2955,Minor_Damage_And_Injuries
2959,Highly_Fatal_And_Damaging
2971,Significant_Damage_And_Serious_Injuries
2974,Highly_Fatal_And_Damaging
2987,Significant_Damage_And_Serious_Injuries
2994,Minor_Damage_And_Injuries
2995,Significant_Damage_And_Serious_Injuries
3003,Minor_Damage_And_Injuries
3013,Minor_Damage_And_Injuries
3014,Highly_Fatal_And_Damaging
3015,Significant_Damage_And_Fatalities
3028,Highly_Fatal_And_Damaging
3041,Minor_Damage_And_Injuries
3053,Significant_Damage_And_Fatalities
3057,Highly_Fatal_And_Damaging
3059,Significant_Damage_And_Fatalities
3060,Highly_Fatal_And_Damaging
3069,Significant_Damage_And_Fatalities
3071,Significant_Damage_And_Fatalities
3072,Highly_Fatal_And_Damaging
3082,Significant_Damage_And_Serious_Injuries
3084,Minor_Damage_And_Injuries
3086,Highly_Fatal_And_Damaging
3098,Significant_Damage_And_Serious_Injuries
3100,Significant_Damage_And_Serious_Injuries
3102,Highly_Fatal_And_Damaging
3110,Significant_Damage_And_Fatalities
3111,Significant_Damage_And_Serious_Injuries
3118,Highly_Fatal_And_Damaging
3119,Highly_Fatal_And_Damaging
3125,Highly_Fatal_And_Damaging
3133,Highly_Fatal_And_Damaging
3136,Significant_Damage_And_Serious_Injuries
3141,Significant_Damage_And_Serious_Injuries
3149,Highly_Fatal_And_Damaging
3150,Highly_Fatal_And_Damaging
3155,Highly_Fatal_And_Damaging
3156,Significant_Damage_And_Serious_Injuries
3160,Highly_Fatal_And_Damaging
3163,Minor_Damage_And_Injuries
3175,Highly_Fatal_And_Damaging
3180,Minor_Damage_And_Injuries
3188,Significant_Damage_And_Serious_Injuries
3192,Minor_Damage_And_Injuries
3193,Highly_Fatal_And_Damaging
3197,Significant_Damage_And_Serious_Injuries
3201,Significant_Damage_And_Serious_Injuries
3204,Highly_Fatal_And_Damaging
3206,Highly_Fatal_And_Damaging
3210,Highly_Fatal_And_Damaging
3212,Highly_Fatal_And_Damaging
3216,Highly_Fatal_And_Damaging
3239,Highly_Fatal_And_Damaging
3240,Highly_Fatal_And_Damaging
3246,Highly_Fatal_And_Damaging
3247,Highly_Fatal_And_Damaging
3252,Minor_Damage_And_Injuries
3259,Minor_Damage_And_Injuries
3262,Minor_Damage_And_Injuries
3264,Minor_Damage_And_Injuries
3275,Highly_Fatal_And_Damaging
3280,Significant_Damage_And_Serious_Injuries
3282,Significant_Damage_And_Fatalities
3289,Minor_Damage_And_Injuries
3294,Minor_Damage_And_Injuries
3297,Highly_Fatal_And_Damaging
3299,Significant_Damage_And_Serious_Injuries
3302,Significant_Damage_And_Serious_Injuries
3308,Highly_Fatal_And_Damaging
3311,Significant_Damage_And_Serious_Injuries
3315,Minor_Damage_And_Injuries
3317,Minor_Damage_And_Injuries
3319,Highly_Fatal_And_Damaging
3326,Highly_Fatal_And_Damaging
3330,Minor_Damage_And_Injuries
3331,Significant_Damage_And_Fatalities
3333,Minor_Damage_And_Injuries
3337,Minor_Damage_And_Injuries
3344,Minor_Damage_And_Injuries
3359,Highly_Fatal_And_Damaging
3369,Significant_Damage_And_Fatalities
3372,Significant_Damage_And_Serious_Injuries
3373,Minor_Damage_And_Injuries
3374,Minor_Damage_And_Injuries
3384,Minor_Damage_And_Injuries
3385,Minor_Damage_And_Injuries
3395,Minor_Damage_And_Injuries
3399,Minor_Damage_And_Injuries
3401,Highly_Fatal_And_Damaging
3406,Minor_Damage_And_Injuries
3410,Highly_Fatal_And_Damaging
3420,Minor_Damage_And_Injuries
3422,Significant_Damage_And_Serious_Injuries
3428,Highly_Fatal_And_Damaging
3431,Minor_Damage_And_Injuries
3434,Significant_Damage_And_Serious_Injuries
3436,Significant_Damage_And_Serious_Injuries
3440,Significant_Damage_And_Fatalities
3443,Highly_Fatal_And_Damaging
3451,Significant_Damage_And_Serious_Injuries
3454,Highly_Fatal_And_Damaging
3455,Highly_Fatal_And_Damaging
3456,Significant_Damage_And_Serious_Injuries
3462,Highly_Fatal_And_Damaging
3463,Highly_Fatal_And_Damaging
3464,Highly_Fatal_And_Damaging
3470,Significant_Damage_And_Serious_Injuries
3477,Highly_Fatal_And_Damaging
3485,Significant_Damage_And_Serious_Injuries
3486,Minor_Damage_And_Injuries
3489,Significant_Damage_And_Serious_Injuries
3490,Highly_Fatal_And_Damaging
3501,Minor_Damage_And_Injuries
3503,Significant_Damage_And_Serious_Injuries
3510,Highly_Fatal_And_Damaging
3517,Significant_Damage_And_Serious_Injuries
3518,Minor_Damage_And_Injuries
3525,Highly_Fatal_And_Damaging
3526,Significant_Damage_And_Fatalities
3530,Minor_Damage_And_Injuries
3532,Significant_Damage_And_Serious_Injuries
3546,Minor_Damage_And_Injuries
3548,Minor_Damage_And_Injuries
3568,Highly_Fatal_And_Damaging
3571,Minor_Damage_And_Injuries
3573,Highly_Fatal_And_Damaging
3577,Highly_Fatal_And_Damaging
3587,Highly_Fatal_And_Damaging
3596,Minor_Damage_And_Injuries
3604,Minor_Damage_And_Injuries
3606,Highly_Fatal_And_Damaging
3613,Minor_Damage_And_Injuries
3620,Minor_Damage_And_Injuries
3632,Minor_Damage_And_Injuries
3638,Highly_Fatal_And_Damaging
3640,Minor_Damage_And_Injuries
3643,Highly_Fatal_And_Damaging
3644,Minor_Damage_And_Injuries
3645,Highly_Fatal_And_Damaging
3648,Significant_Damage_And_Fatalities
3657,Significant_Damage_And_Serious_Injuries
3665,Significant_Damage_And_Fatalities
3670,Highly_Fatal_And_Damaging
3674,Significant_Damage_And_Serious_Injuries
3686,Minor_Damage_And_Injuries
3687,Minor_Damage_And_Injuries
3692,Significant_Damage_And_Fatalities
3694,Minor_Damage_And_Injuries
3698,Highly_Fatal_And_Damaging
3701,Significant_Damage_And_Fatalities
3725,Significant_Damage_And_Serious_Injuries
3728,Significant_Damage_And_Fatalities
3729,Highly_Fatal_And_Damaging
3733,Highly_Fatal_And_Damaging
3743,Highly_Fatal_And_Damaging
3746,Significant_Damage_And_Serious_Injuries
3747,Highly_Fatal_And_Damaging
3748,Highly_Fatal_And_Damaging
3749,Highly_Fatal_And_Damaging
3752,Significant_Damage_And_Serious_Injuries
3760,Highly_Fatal_And_Damaging
3761,Highly_Fatal_And_Damaging
3762,Highly_Fatal_And_Damaging
3765,Highly_Fatal_And_Damaging
3767,Significant_Damage_And_Serious_Injuries
3775,Minor_Damage_And_Injuries
3780,Highly_Fatal_And_Damaging
3790,Minor_Damage_And_Injuries
3794,Minor_Damage_And_Injuries
3795,Minor_Damage_And_Injuries
3806,Minor_Damage_And_Injuries
3807,Highly_Fatal_And_Damaging
3809,Significant_Damage_And_Fatalities
3810,Significant_Damage_And_Serious_Injuries
3811,Highly_Fatal_And_Damaging
3812,Highly_Fatal_And_Damaging
3818,Highly_Fatal_And_Damaging
3820,Minor_Damage_And_Injuries
3821,Significant_Damage_And_Serious_Injuries
3827,Minor_Damage_And_Injuries
3835,Significant_Damage_And_Serious_Injuries
3836,Highly_Fatal_And_Damaging
3839,Highly_Fatal_And_Damaging
3841,Highly_Fatal_And_Damaging
3842,Minor_Damage_And_Injuries
3845,Significant_Damage_And_Serious_Injuries
3854,Minor_Damage_And_Injuries
3855,Minor_Damage_And_Injuries
3856,Highly_Fatal_And_Damaging
3863,Minor_Damage_And_Injuries
3865,Highly_Fatal_And_Damaging
3878,Highly_Fatal_And_Damaging
3887,Significant_Damage_And_Serious_Injuries
3888,Highly_Fatal_And_Damaging
3889,Highly_Fatal_And_Damaging
3892,Minor_Damage_And_Injuries
3897,Highly_Fatal_And_Damaging
3911,Highly_Fatal_And_Damaging
3912,Highly_Fatal_And_Damaging
3914,Significant_Damage_And_Serious_Injuries
3928,Significant_Damage_And_Serious_Injuries
3929,Highly_Fatal_And_Damaging
3933,Highly_Fatal_And_Damaging
3941,Significant_Damage_And_Fatalities
3943,Highly_Fatal_And_Damaging
3954,Significant_Damage_And_Serious_Injuries
3960,Highly_Fatal_And_Damaging
3962,Minor_Damage_And_Injuries
3965,Minor_Damage_And_Injuries
3967,Significant_Damage_And_Serious_Injuries
3968,Minor_Damage_And_Injuries
3980,Highly_Fatal_And_Damaging
3987,Significant_Damage_And_Serious_Injuries
3989,Minor_Damage_And_Injuries
3990,Highly_Fatal_And_Damaging
3997,Significant_Damage_And_Serious_Injuries
4000,Significant_Damage_And_Serious_Injuries
4002,Significant_Damage_And_Serious_Injuries
4006,Minor_Damage_And_Injuries
4007,Minor_Damage_And_Injuries
4019,Significant_Damage_And_Serious_Injuries
4024,Highly_Fatal_And_Damaging
4026,Minor_Damage_And_Injuries
4027,Significant_Damage_And_Serious_Injuries
4032,Highly_Fatal_And_Damaging
4039,Significant_Damage_And_Serious_Injuries
4040,Minor_Damage_And_Injuries
4047,Significant_Damage_And_Serious_Injuries
4048,Significant_Damage_And_Fatalities
4049,Significant_Damage_And_Fatalities
4050,Significant_Damage_And_Serious_Injuries
4061,Significant_Damage_And_Serious_Injuries
4062,Highly_Fatal_And_Damaging
4063,Significant_Damage_And_Fatalities
4070,Highly_Fatal_And_Damaging
4090,Highly_Fatal_And_Damaging
4094,Significant_Damage_And_Serious_Injuries
4098,Highly_Fatal_And_Damaging
4099,Highly_Fatal_And_Damaging
4100,Highly_Fatal_And_Damaging
4108,Minor_Damage_And_Injuries
4120,Minor_Damage_And_Injuries
4129,Significant_Damage_And_Fatalities
4133,Highly_Fatal_And_Damaging
4134,Highly_Fatal_And_Damaging
4136,Significant_Damage_And_Serious_Injuries
4139,Minor_Damage_And_Injuries
4148,Minor_Damage_And_Injuries
4152,Significant_Damage_And_Fatalities
4153,Minor_Damage_And_Injuries
4157,Minor_Damage_And_Injuries
4162,Highly_Fatal_And_Damaging
4169,Significant_Damage_And_Serious_Injuries
4176,Highly_Fatal_And_Damaging
4181,Highly_Fatal_And_Damaging
4189,Significant_Damage_And_Serious_Injuries
4192,Highly_Fatal_And_Damaging
4198,Significant_Damage_And_Serious_Injuries
4207,Significant_Damage_And_Serious_Injuries
4208,Significant_Damage_And_Fatalities
4211,Minor_Damage_And_Injuries
4218,Highly_Fatal_And_Damaging
4223,Minor_Damage_And_Injuries
4232,Highly_Fatal_And_Damaging
4234,Significant_Damage_And_Serious_Injuries
4246,Minor_Damage_And_Injuries
4253,Minor_Damage_And_Injuries
4254,Highly_Fatal_And_Damaging
4255,Significant_Damage_And_Serious_Injuries
4260,Minor_Damage_And_Injuries
4267,Significant_Damage_And_Serious_Injuries
4274,Significant_Damage_And_Serious_Injuries
4275,Highly_Fatal_And_Damaging
4278,Significant_Damage_And_Serious_Injuries
4281,Significant_Damage_And_Serious_Injuries
4293,Highly_Fatal_And_Damaging
4294,Highly_Fatal_And_Damaging
4300,Minor_Damage_And_Injuries
4307,Significant_Damage_And_Serious_Injuries
4310,Highly_Fatal_And_Damaging
4311,Highly_Fatal_And_Damaging
4315,Significant_Damage_And_Serious_Injuries
4330,Highly_Fatal_And_Damaging
4333,Highly_Fatal_And_Damaging
4340,Highly_Fatal_And_Damaging
4352,Highly_Fatal_And_Damaging
4360,Highly_Fatal_And_Damaging
4365,Minor_Damage_And_Injuries
4367,Significant_Damage_And_Serious_Injuries
4376,Significant_Damage_And_Serious_Injuries
4378,Highly_Fatal_And_Damaging
4385,Minor_Damage_And_Injuries
4405,Significant_Damage_And_Serious_Injuries
4413,Significant_Damage_And_Fatalities
4414,Minor_Damage_And_Injuries
4426,Significant_Damage_And_Serious_Injuries
4430,Highly_Fatal_And_Damaging
4431,Minor_Damage_And_Injuries
4438,Significant_Damage_And_Fatalities
4439,Minor_Damage_And_Injuries
4441,Significant_Damage_And_Serious_Injuries
4443,Highly_Fatal_And_Damaging
4449,Significant_Damage_And_Serious_Injuries
4453,Highly_Fatal_And_Damaging
4456,Highly_Fatal_And_Damaging
4457,Highly_Fatal_And_Damaging
4459,Highly_Fatal_And_Damaging
4461,Minor_Damage_And_Injuries
4464,Minor_Damage_And_Injuries
4468,Significant_Damage_And_Serious_Injuries
4476,Highly_Fatal_And_Damaging
4480,Minor_Damage_And_Injuries
4482,Significant_Damage_And_Fatalities
4491,Highly_Fatal_And_Damaging
4493,Significant_Damage_And_Fatalities
4494,Highly_Fatal_And_Damaging
4495,Significant_Damage_And_Serious_Injuries
4496,Minor_Damage_And_Injuries
4503,Highly_Fatal_And_Damaging
4505,Minor_Damage_And_Injuries
4506,Highly_Fatal_And_Damaging
4512,Significant_Damage_And_Serious_Injuries
4516,Highly_Fatal_And_Damaging
4518,Significant_Damage_And_Serious_Injuries
4521,Highly_Fatal_And_Damaging
4522,Minor_Damage_And_Injuries
4529,Minor_Damage_And_Injuries
4530,Highly_Fatal_And_Damaging
4536,Minor_Damage_And_Injuries
4539,Significant_Damage_And_Serious_Injuries
4543,Highly_Fatal_And_Damaging
4546,Significant_Damage_And_Serious_Injuries
4547,Minor_Damage_And_Injuries
4550,Minor_Damage_And_Injuries
4564,Highly_Fatal_And_Damaging
4571,Minor_Damage_And_Injuries
4583,Minor_Damage_And_Injuries
4592,Minor_Damage_And_Injuries
4594,Highly_Fatal_And_Damaging
4597,Minor_Damage_And_Injuries
4598,Highly_Fatal_And_Damaging
4614,Highly_Fatal_And_Damaging
4617,Significant_Damage_And_Fatalities
4621,Significant_Damage_And_Serious_Injuries
4630,Highly_Fatal_And_Damaging
4634,Significant_Damage_And_Serious_Injuries
4638,Highly_Fatal_And_Damaging
4639,Significant_Damage_And_Fatalities
4645,Minor_Damage_And_Injuries
4650,Significant_Damage_And_Fatalities
4651,Significant_Damage_And_Serious_Injuries
4654,Minor_Damage_And_Injuries
4656,Significant_Damage_And_Serious_Injuries
4660,Minor_Damage_And_Injuries
4665,Highly_Fatal_And_Damaging
4670,Minor_Damage_And_Injuries
4671,Highly_Fatal_And_Damaging
4679,Highly_Fatal_And_Damaging
4682,Highly_Fatal_And_Damaging
4684,Significant_Damage_And_Serious_Injuries
4688,Significant_Damage_And_Serious_Injuries
4693,Highly_Fatal_And_Damaging
4712,Minor_Damage_And_Injuries
4714,Highly_Fatal_And_Damaging
4721,Significant_Damage_And_Serious_Injuries
4722,Highly_Fatal_And_Damaging
4724,Highly_Fatal_And_Damaging
4726,Minor_Damage_And_Injuries
4728,Significant_Damage_And_Serious_Injuries
4730,Minor_Damage_And_Injuries
4735,Minor_Damage_And_Injuries
4741,Significant_Damage_And_Serious_Injuries
4742,Highly_Fatal_And_Damaging
4744,Minor_Damage_And_Injuries
4746,Minor_Damage_And_Injuries
4757,Highly_Fatal_And_Damaging
4761,Highly_Fatal_And_Damaging
4770,Minor_Damage_And_Injuries
4772,Highly_Fatal_And_Damaging
4773,Highly_Fatal_And_Damaging
4780,Significant_Damage_And_Serious_Injuries
4783,Minor_Damage_And_Injuries
4785,Minor_Damage_And_Injuries
4786,Minor_Damage_And_Injuries
4787,Significant_Damage_And_Serious_Injuries
4793,Minor_Damage_And_Injuries
4794,Significant_Damage_And_Serious_Injuries
4808,Minor_Damage_And_Injuries
4811,Highly_Fatal_And_Damaging
4831,Highly_Fatal_And_Damaging
4832,Highly_Fatal_And_Damaging
4836,Minor_Damage_And_Injuries
4839,Significant_Damage_And_Serious_Injuries
4842,Minor_Damage_And_Injuries
4846,Highly_Fatal_And_Damaging
4855,Minor_Damage_And_Injuries
4856,Highly_Fatal_And_Damaging
4859,Significant_Damage_And_Fatalities
4862,Minor_Damage_And_Injuries
4869,Minor_Damage_And_Injuries
4877,Highly_Fatal_And_Damaging
4878,Highly_Fatal_And_Damaging
4887,Highly_Fatal_And_Damaging
4892,Minor_Damage_And_Injuries
4913,Minor_Damage_And_Injuries
4914,Minor_Damage_And_Injuries
4926,Minor_Damage_And_Injuries
4940,Significant_Damage_And_Serious_Injuries
4944,Highly_Fatal_And_Damaging
4959,Significant_Damage_And_Serious_Injuries
4966,Minor_Damage_And_Injuries
4972,Minor_Damage_And_Injuries
4978,Significant_Damage_And_Serious_Injuries
4981,Minor_Damage_And_Injuries
4985,Significant_Damage_And_Serious_Injuries
4992,Significant_Damage_And_Fatalities
4998,Significant_Damage_And_Fatalities
5000,Highly_Fatal_And_Damaging
5001,Highly_Fatal_And_Damaging
5004,Significant_Damage_And_Serious_Injuries
5005,Highly_Fatal_And_Damaging
5016,Highly_Fatal_And_Damaging
5020,Significant_Damage_And_Fatalities
5021,Highly_Fatal_And_Damaging
5041,Significant_Damage_And_Fatalities
5045,Significant_Damage_And_Serious_Injuries
5052,Highly_Fatal_And_Damaging
5063,Minor_Damage_And_Injuries
5072,Highly_Fatal_And_Damaging
5074,Minor_Damage_And_Injuries
5080,Highly_Fatal_And_Damaging
5087,Significant_Damage_And_Serious_Injuries
5094,Minor_Damage_And_Injuries
5099,Highly_Fatal_And_Damaging
5100,Minor_Damage_And_Injuries
5109,Highly_Fatal_And_Damaging
5111,Highly_Fatal_And_Damaging
5115,Minor_Damage_And_Injuries
5117,Significant_Damage_And_Fatalities
5119,Minor_Damage_And_Injuries
5125,Highly_Fatal_And_Damaging
5126,Highly_Fatal_And_Damaging
5127,Minor_Damage_And_Injuries
5142,Minor_Damage_And_Injuries
5149,Significant_Damage_And_Serious_Injuries
5160,Significant_Damage_And_Fatalities
5163,Highly_Fatal_And_Damaging
5170,Highly_Fatal_And_Damaging
5175,Highly_Fatal_And_Damaging
5184,Highly_Fatal_And_Damaging
5187,Highly_Fatal_And_Damaging
5189,Minor_Damage_And_Injuries
5200,Highly_Fatal_And_Damaging
5202,Highly_Fatal_And_Damaging
5203,Minor_Damage_And_Injuries
5206,Significant_Damage_And_Fatalities
5218,Minor_Damage_And_Injuries
5224,Highly_Fatal_And_Damaging
5226,Highly_Fatal_And_Damaging
5230,Significant_Damage_And_Serious_Injuries
5231,Minor_Damage_And_Injuries
5232,Minor_Damage_And_Injuries
5234,Highly_Fatal_And_Damaging
5239,Minor_Damage_And_Injuries
5244,Significant_Damage_And_Serious_Injuries
5245,Significant_Damage_And_Fatalities
5246,Highly_Fatal_And_Damaging
5253,Significant_Damage_And_Serious_Injuries
5262,Minor_Damage_And_Injuries
5268,Highly_Fatal_And_Damaging
5271,Highly_Fatal_And_Damaging
5275,Significant_Damage_And_Serious_Injuries
5277,Highly_Fatal_And_Damaging
5278,Highly_Fatal_And_Damaging
5283,Significant_Damage_And_Serious_Injuries
5284,Highly_Fatal_And_Damaging
5285,Significant_Damage_And_Serious_Injuries
5288,Highly_Fatal_And_Damaging
5329,Significant_Damage_And_Serious_Injuries
5336,Highly_Fatal_And_Damaging
5339,Highly_Fatal_And_Damaging
5340,Highly_Fatal_And_Damaging
5342,Minor_Damage_And_Injuries
5350,Significant_Damage_And_Serious_Injuries
5359,Minor_Damage_And_Injuries
5376,Minor_Damage_And_Injuries
5387,Minor_Damage_And_Injuries
5399,Minor_Damage_And_Injuries
5401,Highly_Fatal_And_Damaging
5423,Highly_Fatal_And_Damaging
5425,Minor_Damage_And_Injuries
5433,Highly_Fatal_And_Damaging
5445,Minor_Damage_And_Injuries
5451,Minor_Damage_And_Injuries
5452,Highly_Fatal_And_Damaging
5461,Highly_Fatal_And_Damaging
5464,Minor_Damage_And_Injuries
5465,Significant_Damage_And_Serious_Injuries
5466,Significant_Damage_And_Serious_Injuries
5471,Highly_Fatal_And_Damaging
5481,Significant_Damage_And_Serious_Injuries
5482,Highly_Fatal_And_Damaging
5485,Significant_Damage_And_Fatalities
5489,Minor_Damage_And_Injuries
5497,Minor_Damage_And_Injuries
5505,Minor_Damage_And_Injuries
5508,Significant_Damage_And_Fatalities
5510,Highly_Fatal_And_Damaging
5519,Minor_Damage_And_Injuries
5531,Minor_Damage_And_Injuries
5536,Highly_Fatal_And_Damaging
5537,Highly_Fatal_And_Damaging
5538,Significant_Damage_And_Serious_Injuries
5547,Significant_Damage_And_Serious_Injuries
5554,Minor_Damage_And_Injuries
5561,Highly_Fatal_And_Damaging
5563,Significant_Damage_And_Serious_Injuries
5568,Significant_Damage_And_Serious_Injuries
5573,Significant_Damage_And_Fatalities
5579,Significant_Damage_And_Serious_Injuries
5583,Minor_Damage_And_Injuries
5584,Significant_Damage_And_Serious_Injuries
5586,Significant_Damage_And_Fatalities
5589,Significant_Damage_And_Fatalities
5595,Highly_Fatal_And_Damaging
5601,Highly_Fatal_And_Damaging
5603,Highly_Fatal_And_Damaging
5610,Minor_Damage_And_Injuries
5618,Highly_Fatal_And_Damaging
5622,Significant_Damage_And_Fatalities
5623,Minor_Damage_And_Injuries
5625,Highly_Fatal_And_Damaging
5630,Highly_Fatal_And_Damaging
5637,Significant_Damage_And_Serious_Injuries
5640,Minor_Damage_And_Injuries
5642,Significant_Damage_And_Serious_Injuries
5643,Highly_Fatal_And_Damaging
5648,Highly_Fatal_And_Damaging
5653,Significant_Damage_And_Serious_Injuries
5656,Minor_Damage_And_Injuries
5666,Minor_Damage_And_Injuries
5676,Highly_Fatal_And_Damaging
5680,Significant_Damage_And_Serious_Injuries
5690,Significant_Damage_And_Serious_Injuries
5700,Significant_Damage_And_Serious_Injuries
5702,Highly_Fatal_And_Damaging
5708,Significant_Damage_And_Serious_Injuries
5709,Significant_Damage_And_Fatalities
5714,Highly_Fatal_And_Damaging
5723,Minor_Damage_And_Injuries
5729,Highly_Fatal_And_Damaging
5736,Highly_Fatal_And_Damaging
5744,Significant_Damage_And_Fatalities
5750,Highly_Fatal_And_Damaging
5751,Significant_Damage_And_Serious_Injuries
5752,Highly_Fatal_And_Damaging
5753,Minor_Damage_And_Injuries
5757,Minor_Damage_And_Injuries
5760,Significant_Damage_And_Fatalities
5768,Highly_Fatal_And_Damaging
5772,Highly_Fatal_And_Damaging
5788,Significant_Damage_And_Fatalities
5795,Minor_Damage_And_Injuries
5800,Minor_Damage_And_Injuries
5806,Significant_Damage_And_Fatalities
5809,Significant_Damage_And_Fatalities
5810,Highly_Fatal_And_Damaging
5819,Highly_Fatal_And_Damaging
5822,Significant_Damage_And_Serious_Injuries
5826,Highly_Fatal_And_Damaging
5829,Highly_Fatal_And_Damaging
5831,Highly_Fatal_And_Damaging
5833,Significant_Damage_And_Fatalities
5837,Highly_Fatal_And_Damaging
5840,Highly_Fatal_And_Damaging
5848,Significant_Damage_And_Fatalities
5852,Significant_Damage_And_Fatalities
5868,Highly_Fatal_And_Damaging
5874,Significant_Damage_And_Serious_Injuries
5876,Highly_Fatal_And_Damaging
5883,Significant_Damage_And_Fatalities
5888,Minor_Damage_And_Injuries
5889,Highly_Fatal_And_Damaging
5898,Minor_Damage_And_Injuries
5899,Highly_Fatal_And_Damaging
5903,Significant_Damage_And_Serious_Injuries
5906,Significant_Damage_And_Fatalities
5907,Significant_Damage_And_Serious_Injuries
5914,Highly_Fatal_And_Damaging
5919,Highly_Fatal_And_Damaging
5928,Highly_Fatal_And_Damaging
5930,Highly_Fatal_And_Damaging
5936,Significant_Damage_And_Serious_Injuries
5948,Highly_Fatal_And_Damaging
5950,Highly_Fatal_And_Damaging
5951,Minor_Damage_And_Injuries
5954,Highly_Fatal_And_Damaging
5958,Significant_Damage_And_Fatalities
5964,Highly_Fatal_And_Damaging
5972,Minor_Damage_And_Injuries
5979,Significant_Damage_And_Serious_Injuries
5983,Minor_Damage_And_Injuries
5984,Highly_Fatal_And_Damaging
5993,Significant_Damage_And_Serious_Injuries
5997,Significant_Damage_And_Serious_Injuries
6006,Minor_Damage_And_Injuries
6014,Highly_Fatal_And_Damaging
6018,Highly_Fatal_And_Damaging
6019,Highly_Fatal_And_Damaging
6020,Highly_Fatal_And_Damaging
6023,Significant_Damage_And_Serious_Injuries
6026,Minor_Damage_And_Injuries
6030,Minor_Damage_And_Injuries
6036,Highly_Fatal_And_Damaging
6041,Minor_Damage_And_Injuries
6042,Significant_Damage_And_Serious_Injuries
6044,Significant_Damage_And_Fatalities
6053,Significant_Damage_And_Fatalities
6055,Minor_Damage_And_Injuries
6056,Significant_Damage_And_Fatalities
6063,Significant_Damage_And_Serious_Injuries
6064,Significant_Damage_And_Serious_Injuries
6072,Significant_Damage_And_Serious_Injuries
6074,Highly_Fatal_And_Damaging
6075,Highly_Fatal_And_Damaging
6078,Minor_Damage_And_Injuries
6080,Minor_Damage_And_Injuries
6081,Minor_Damage_And_Injuries
6082,Significant_Damage_And_Serious_Injuries
6085,Highly_Fatal_And_Damaging
6095,Significant_Damage_And_Serious_Injuries
6098,Highly_Fatal_And_Damaging
6104,Minor_Damage_And_Injuries
6113,Significant_Damage_And_Fatalities
6114,Minor_Damage_And_Injuries
6120,Highly_Fatal_And_Damaging
6121,Highly_Fatal_And_Damaging
6122,Significant_Damage_And_Fatalities
6125,Minor_Damage_And_Injuries
6137,Significant_Damage_And_Serious_Injuries
6139,Minor_Damage_And_Injuries
6147,Significant_Damage_And_Serious_Injuries
6150,Highly_Fatal_And_Damaging
6157,Significant_Damage_And_Serious_Injuries
6162,Minor_Damage_And_Injuries
6167,Highly_Fatal_And_Damaging
6170,Highly_Fatal_And_Damaging
6178,Highly_Fatal_And_Damaging
6185,Highly_Fatal_And_Damaging
6187,Minor_Damage_And_Injuries
6188,Minor_Damage_And_Injuries
6189,Significant_Damage_And_Serious_Injuries
6190,Minor_Damage_And_Injuries
6204,Highly_Fatal_And_Damaging
6206,Highly_Fatal_And_Damaging
6208,Minor_Damage_And_Injuries
6212,Significant_Damage_And_Serious_Injuries
6215,Highly_Fatal_And_Damaging
6221,Highly_Fatal_And_Damaging
6234,Minor_Damage_And_Injuries
6240,Minor_Damage_And_Injuries
6241,Highly_Fatal_And_Damaging
6242,Highly_Fatal_And_Damaging
6247,Minor_Damage_And_Injuries
6250,Significant_Damage_And_Serious_Injuries
6255,Significant_Damage_And_Fatalities
6257,Highly_Fatal_And_Damaging
6259,Highly_Fatal_And_Damaging
6260,Significant_Damage_And_Serious_Injuries
6261,Significant_Damage_And_Serious_Injuries
6264,Highly_Fatal_And_Damaging
6266,Significant_Damage_And_Serious_Injuries
6274,Highly_Fatal_And_Damaging
6277,Minor_Damage_And_Injuries
6287,Minor_Damage_And_Injuries
6290,Minor_Damage_And_Injuries
6296,Minor_Damage_And_Injuries
6301,Highly_Fatal_And_Damaging
6302,Minor_Damage_And_Injuries
6312,Significant_Damage_And_Serious_Injuries
6318,Minor_Damage_And_Injuries
6327,Minor_Damage_And_Injuries
6328,Significant_Damage_And_Serious_Injuries
6333,Minor_Damage_And_Injuries
6336,Significant_Damage_And_Fatalities
6338,Significant_Damage_And_Serious_Injuries
6342,Minor_Damage_And_Injuries
6349,Highly_Fatal_And_Damaging
6358,Highly_Fatal_And_Damaging
6359,Significant_Damage_And_Serious_Injuries
6360,Significant_Damage_And_Serious_Injuries
6367,Highly_Fatal_And_Damaging
6377,Minor_Damage_And_Injuries
6379,Significant_Damage_And_Fatalities
6381,Highly_Fatal_And_Damaging
6391,Highly_Fatal_And_Damaging
6400,Highly_Fatal_And_Damaging
6402,Highly_Fatal_And_Damaging
6405,Highly_Fatal_And_Damaging
6415,Highly_Fatal_And_Damaging
6416,Highly_Fatal_And_Damaging
6420,Significant_Damage_And_Serious_Injuries
6434,Highly_Fatal_And_Damaging
6448,Minor_Damage_And_Injuries
6451,Highly_Fatal_And_Damaging
6453,Highly_Fatal_And_Damaging
6459,Minor_Damage_And_Injuries
6461,Minor_Damage_And_Injuries
6467,Highly_Fatal_And_Damaging
6468,Minor_Damage_And_Injuries
6473,Minor_Damage_And_Injuries
6484,Minor_Damage_And_Injuries
6486,Highly_Fatal_And_Damaging
6490,Highly_Fatal_And_Damaging
6502,Significant_Damage_And_Fatalities
6503,Highly_Fatal_And_Damaging
6507,Minor_Damage_And_Injuries
6512,Minor_Damage_And_Injuries
6523,Highly_Fatal_And_Damaging
6528,Significant_Damage_And_Fatalities
6530,Highly_Fatal_And_Damaging
6543,Minor_Damage_And_Injuries
6546,Highly_Fatal_And_Damaging
6548,Highly_Fatal_And_Damaging
6551,Minor_Damage_And_Injuries
6553,Minor_Damage_And_Injuries
6562,Highly_Fatal_And_Damaging
6571,Significant_Damage_And_Fatalities
6572,Highly_Fatal_And_Damaging
6579,Significant_Damage_And_Serious_Injuries
6584,Highly_Fatal_And_Damaging
6588,Minor_Damage_And_Injuries
6596,Minor_Damage_And_Injuries
6599,Minor_Damage_And_Injuries
6625,Minor_Damage_And_Injuries
6632,Minor_Damage_And_Injuries
6641,Minor_Damage_And_Injuries
6651,Minor_Damage_And_Injuries
6654,Significant_Damage_And_Serious_Injuries
6657,Highly_Fatal_And_Damaging
6665,Significant_Damage_And_Fatalities
6671,Highly_Fatal_And_Damaging
6672,Significant_Damage_And_Serious_Injuries
6675,Highly_Fatal_And_Damaging
6676,Minor_Damage_And_Injuries
6682,Significant_Damage_And_Serious_Injuries
6684,Significant_Damage_And_Serious_Injuries
6692,Minor_Damage_And_Injuries
6694,Highly_Fatal_And_Damaging
6700,Significant_Damage_And_Fatalities
6723,Significant_Damage_And_Serious_Injuries
6726,Minor_Damage_And_Injuries
6729,Highly_Fatal_And_Damaging
6734,Highly_Fatal_And_Damaging
6737,Minor_Damage_And_Injuries
6738,Significant_Damage_And_Serious_Injuries
6745,Highly_Fatal_And_Damaging
6747,Minor_Damage_And_Injuries
6750,Minor_Damage_And_Injuries
6754,Highly_Fatal_And_Damaging
6755,Significant_Damage_And_Serious_Injuries
6761,Significant_Damage_And_Serious_Injuries
6762,Highly_Fatal_And_Damaging
6765,Minor_Damage_And_Injuries
6769,Significant_Damage_And_Serious_Injuries
6785,Minor_Damage_And_Injuries
6788,Minor_Damage_And_Injuries
6793,Minor_Damage_And_Injuries
6796,Significant_Damage_And_Fatalities
6799,Highly_Fatal_And_Damaging
6801,Significant_Damage_And_Serious_Injuries
6807,Highly_Fatal_And_Damaging
6811,Significant_Damage_And_Fatalities
6812,Highly_Fatal_And_Damaging
6815,Minor_Damage_And_Injuries
6818,Highly_Fatal_And_Damaging
6828,Highly_Fatal_And_Damaging
6832,Minor_Damage_And_Injuries
6833,Minor_Damage_And_Injuries
6836,Minor_Damage_And_Injuries
6839,Highly_Fatal_And_Damaging
6842,Highly_Fatal_And_Damaging
6845,Minor_Damage_And_Injuries
6848,Highly_Fatal_And_Damaging
6849,Minor_Damage_And_Injuries
6850,Minor_Damage_And_Injuries
6853,Significant_Damage_And_Serious_Injuries
6862,Significant_Damage_And_Serious_Injuries
6864,Minor_Damage_And_Injuries
6868,Highly_Fatal_And_Damaging
6872,Highly_Fatal_And_Damaging
6892,Significant_Damage_And_Fatalities
6895,Minor_Damage_And_Injuries
6897,Significant_Damage_And_Fatalities
6900,Significant_Damage_And_Fatalities
6904,Highly_Fatal_And_Damaging
6907,Significant_Damage_And_Fatalities
6912,Highly_Fatal_And_Damaging
6913,Significant_Damage_And_Serious_Injuries
6920,Significant_Damage_And_Serious_Injuries
6922,Highly_Fatal_And_Damaging
6924,Highly_Fatal_And_Damaging
6925,Significant_Damage_And_Serious_Injuries
6929,Highly_Fatal_And_Damaging
6933,Minor_Damage_And_Injuries
6938,Minor_Damage_And_Injuries
6939,Significant_Damage_And_Serious_Injuries
6945,Highly_Fatal_And_Damaging
6950,Significant_Damage_And_Fatalities
6953,Highly_Fatal_And_Damaging
6957,Minor_Damage_And_Injuries
6961,Highly_Fatal_And_Damaging
6970,Significant_Damage_And_Fatalities
6975,Minor_Damage_And_Injuries
6978,Minor_Damage_And_Injuries
6979,Minor_Damage_And_Injuries
6981,Highly_Fatal_And_Damaging
6985,Significant_Damage_And_Serious_Injuries
6988,Significant_Damage_And_Serious_Injuries
6989,Minor_Damage_And_Injuries
6996,Highly_Fatal_And_Damaging
7007,Significant_Damage_And_Serious_Injuries
7008,Highly_Fatal_And_Damaging
7016,Significant_Damage_And_Fatalities
7021,Highly_Fatal_And_Damaging
7022,Minor_Damage_And_Injuries
7029,Highly_Fatal_And_Damaging
7035,Highly_Fatal_And_Damaging
7066,Highly_Fatal_And_Damaging
7067,Significant_Damage_And_Fatalities
7068,Highly_Fatal_And_Damaging
7069,Minor_Damage_And_Injuries
7072,Minor_Damage_And_Injuries
7077,Significant_Damage_And_Serious_Injuries
7079,Significant_Damage_And_Fatalities
7080,Highly_Fatal_And_Damaging
7090,Minor_Damage_And_Injuries
7091,Significant_Damage_And_Serious_Injuries
7092,Minor_Damage_And_Injuries
7093,Significant_Damage_And_Serious_Injuries
7109,Highly_Fatal_And_Damaging
7114,Highly_Fatal_And_Damaging
7118,Minor_Damage_And_Injuries
7122,Minor_Damage_And_Injuries
7124,Highly_Fatal_And_Damaging
7126,Significant_Damage_And_Serious_Injuries
7132,Minor_Damage_And_Injuries
7140,Significant_Damage_And_Serious_Injuries
7154,Significant_Damage_And_Fatalities
7156,Significant_Damage_And_Fatalities
7158,Significant_Damage_And_Serious_Injuries
7172,Highly_Fatal_And_Damaging
7173,Significant_Damage_And_Serious_Injuries
7174,Minor_Damage_And_Injuries
7176,Significant_Damage_And_Fatalities
7177,Significant_Damage_And_Serious_Injuries
7179,Significant_Damage_And_Fatalities
7181,Significant_Damage_And_Serious_Injuries
7182,Minor_Damage_And_Injuries
7191,Significant_Damage_And_Fatalities
7194,Significant_Damage_And_Serious_Injuries
7195,Minor_Damage_And_Injuries
7200,Minor_Damage_And_Injuries
7201,Significant_Damage_And_Serious_Injuries
7205,Highly_Fatal_And_Damaging
7208,Minor_Damage_And_Injuries
7209,Highly_Fatal_And_Damaging
7210,Significant_Damage_And_Serious_Injuries
7212,Significant_Damage_And_Serious_Injuries
7213,Highly_Fatal_And_Damaging
7216,Minor_Damage_And_Injuries
7218,Minor_Damage_And_Injuries
7221,Significant_Damage_And_Fatalities
7222,Significant_Damage_And_Serious_Injuries
7223,Minor_Damage_And_Injuries
7232,Minor_Damage_And_Injuries
7244,Significant_Damage_And_Fatalities
7253,Significant_Damage_And_Serious_Injuries
7255,Significant_Damage_And_Serious_Injuries
7267,Significant_Damage_And_Serious_Injuries
7269,Highly_Fatal_And_Damaging
7279,Highly_Fatal_And_Damaging
7284,Significant_Damage_And_Fatalities
7294,Significant_Damage_And_Serious_Injuries
7296,Highly_Fatal_And_Damaging
7298,Highly_Fatal_And_Damaging
7307,Highly_Fatal_And_Damaging
7323,Highly_Fatal_And_Damaging
7333,Highly_Fatal_And_Damaging
7335,Highly_Fatal_And_Damaging
7336,Significant_Damage_And_Serious_Injuries
7338,Highly_Fatal_And_Damaging
7345,Minor_Damage_And_Injuries
7346,Significant_Damage_And_Serious_Injuries
7348,Highly_Fatal_And_Damaging
7349,Significant_Damage_And_Serious_Injuries
7353,Highly_Fatal_And_Damaging
7354,Minor_Damage_And_Injuries
7355,Significant_Damage_And_Serious_Injuries
7356,Highly_Fatal_And_Damaging
7367,Minor_Damage_And_Injuries
7370,Highly_Fatal_And_Damaging
7375,Minor_Damage_And_Injuries
7384,Highly_Fatal_And_Damaging
7392,Highly_Fatal_And_Damaging
7394,Highly_Fatal_And_Damaging
7395,Minor_Damage_And_Injuries
7401,Highly_Fatal_And_Damaging
7402,Minor_Damage_And_Injuries
7407,Significant_Damage_And_Fatalities
7420,Highly_Fatal_And_Damaging
7437,Highly_Fatal_And_Damaging
7455,Highly_Fatal_And_Damaging
7460,Highly_Fatal_And_Damaging
7476,Minor_Damage_And_Injuries
7478,Significant_Damage_And_Serious_Injuries
7484,Highly_Fatal_And_Damaging
7491,Significant_Damage_And_Serious_Injuries
7492,Minor_Damage_And_Injuries
7495,Minor_Damage_And_Injuries
7503,Significant_Damage_And_Serious_Injuries
7505,Highly_Fatal_And_Damaging
7506,Significant_Damage_And_Serious_Injuries
7508,Highly_Fatal_And_Damaging
7513,Significant_Damage_And_Serious_Injuries
7526,Highly_Fatal_And_Damaging
7530,Highly_Fatal_And_Damaging
7534,Highly_Fatal_And_Damaging
7537,Highly_Fatal_And_Damaging
7541,Highly_Fatal_And_Damaging
7542,Significant_Damage_And_Fatalities
7548,Minor_Damage_And_Injuries
7551,Highly_Fatal_And_Damaging
7553,Significant_Damage_And_Serious_Injuries
7554,Minor_Damage_And_Injuries
7557,Minor_Damage_And_Injuries
7563,Significant_Damage_And_Serious_Injuries
7568,Minor_Damage_And_Injuries
7581,Highly_Fatal_And_Damaging
7582,Minor_Damage_And_Injuries
7587,Minor_Damage_And_Injuries
7617,Minor_Damage_And_Injuries
7621,Minor_Damage_And_Injuries
7623,Minor_Damage_And_Injuries
7633,Highly_Fatal_And_Damaging
7639,Significant_Damage_And_Serious_Injuries
7654,Significant_Damage_And_Fatalities
7660,Significant_Damage_And_Serious_Injuries
7661,Significant_Damage_And_Serious_Injuries
7662,Significant_Damage_And_Serious_Injuries
7663,Highly_Fatal_And_Damaging
7664,Highly_Fatal_And_Damaging
7665,Highly_Fatal_And_Damaging
7668,Highly_Fatal_And_Damaging
7682,Significant_Damage_And_Serious_Injuries
7683,Highly_Fatal_And_Damaging
7684,Minor_Damage_And_Injuries
7687,Highly_Fatal_And_Damaging
7691,Significant_Damage_And_Fatalities
7701,Highly_Fatal_And_Damaging
7702,Minor_Damage_And_Injuries
7705,Minor_Damage_And_Injuries
7711,Minor_Damage_And_Injuries
7714,Significant_Damage_And_Serious_Injuries
7716,Highly_Fatal_And_Damaging
7725,Minor_Damage_And_Injuries
7726,Highly_Fatal_And_Damaging
7732,Highly_Fatal_And_Damaging
7748,Highly_Fatal_And_Damaging
7755,Minor_Damage_And_Injuries
7759,Minor_Damage_And_Injuries
7763,Minor_Damage_And_Injuries
7767,Minor_Damage_And_Injuries
7769,Highly_Fatal_And_Damaging
7781,Highly_Fatal_And_Damaging
7783,Highly_Fatal_And_Damaging
7790,Minor_Damage_And_Injuries
7798,Significant_Damage_And_Serious_Injuries
7810,Minor_Damage_And_Injuries
7821,Highly_Fatal_And_Damaging
7824,Minor_Damage_And_Injuries
7828,Highly_Fatal_And_Damaging
7838,Significant_Damage_And_Serious_Injuries
7841,Significant_Damage_And_Serious_Injuries
7847,Significant_Damage_And_Fatalities
7852,Highly_Fatal_And_Damaging
7854,Significant_Damage_And_Fatalities
7857,Highly_Fatal_And_Damaging
7867,Highly_Fatal_And_Damaging
7868,Highly_Fatal_And_Damaging
7869,Minor_Damage_And_Injuries
7871,Highly_Fatal_And_Damaging
7872,Significant_Damage_And_Serious_Injuries
7885,Minor_Damage_And_Injuries
7889,Highly_Fatal_And_Damaging
7902,Highly_Fatal_And_Damaging
7917,Highly_Fatal_And_Damaging
7918,Highly_Fatal_And_Damaging
7919,Significant_Damage_And_Serious_Injuries
7926,Highly_Fatal_And_Damaging
7927,Significant_Damage_And_Serious_Injuries
7928,Minor_Damage_And_Injuries
7947,Highly_Fatal_And_Damaging
7950,Highly_Fatal_And_Damaging
7952,Highly_Fatal_And_Damaging
7955,Highly_Fatal_And_Damaging
7966,Significant_Damage_And_Serious_Injuries
7981,Highly_Fatal_And_Damaging
7987,Highly_Fatal_And_Damaging
7996,Significant_Damage_And_Serious_Injuries
7997,Significant_Damage_And_Serious_Injuries
8012,Highly_Fatal_And_Damaging
8018,Significant_Damage_And_Serious_Injuries
8020,Minor_Damage_And_Injuries
8021,Minor_Damage_And_Injuries
8028,Minor_Damage_And_Injuries
8031,Highly_Fatal_And_Damaging
8034,Highly_Fatal_And_Damaging
8039,Highly_Fatal_And_Damaging
8044,Highly_Fatal_And_Damaging
8046,Significant_Damage_And_Fatalities
8049,Highly_Fatal_And_Damaging
8052,Significant_Damage_And_Fatalities
8054,Minor_Damage_And_Injuries
8057,Minor_Damage_And_Injuries
8058,Significant_Damage_And_Serious_Injuries
8061,Minor_Damage_And_Injuries
8074,Minor_Damage_And_Injuries
8075,Highly_Fatal_And_Damaging
8078,Minor_Damage_And_Injuries
8081,Significant_Damage_And_Serious_Injuries
8084,Minor_Damage_And_Injuries
8088,Highly_Fatal_And_Damaging
8089,Minor_Damage_And_Injuries
8090,Significant_Damage_And_Serious_Injuries
8097,Minor_Damage_And_Injuries
8101,Significant_Damage_And_Fatalities
8105,Minor_Damage_And_Injuries
8115,Highly_Fatal_And_Damaging
8122,Significant_Damage_And_Serious_Injuries
8125,Minor_Damage_And_Injuries
8132,Significant_Damage_And_Serious_Injuries
8133,Highly_Fatal_And_Damaging
8136,Minor_Damage_And_Injuries
8138,Minor_Damage_And_Injuries
8144,Minor_Damage_And_Injuries
8146,Highly_Fatal_And_Damaging
8150,Highly_Fatal_And_Damaging
8152,Significant_Damage_And_Serious_Injuries
8157,Minor_Damage_And_Injuries
8167,Minor_Damage_And_Injuries
8172,Highly_Fatal_And_Damaging
8178,Minor_Damage_And_Injuries
8184,Minor_Damage_And_Injuries
8186,Highly_Fatal_And_Damaging
8187,Highly_Fatal_And_Damaging
8190,Significant_Damage_And_Serious_Injuries
8198,Highly_Fatal_And_Damaging
8200,Highly_Fatal_And_Damaging
8206,Minor_Damage_And_Injuries
8217,Minor_Damage_And_Injuries
8221,Significant_Damage_And_Fatalities
8224,Significant_Damage_And_Serious_Injuries
8230,Significant_Damage_And_Fatalities
8233,Highly_Fatal_And_Damaging
8237,Highly_Fatal_And_Damaging
8239,Highly_Fatal_And_Damaging
8240,Significant_Damage_And_Serious_Injuries
8242,Highly_Fatal_And_Damaging
8243,Minor_Damage_And_Injuries
8246,Highly_Fatal_And_Damaging
8251,Highly_Fatal_And_Damaging
8253,Highly_Fatal_And_Damaging
8268,Highly_Fatal_And_Damaging
8269,Significant_Damage_And_Serious_Injuries
8277,Minor_Damage_And_Injuries
8287,Significant_Damage_And_Serious_Injuries
8294,Minor_Damage_And_Injuries
8297,Minor_Damage_And_Injuries
8314,Significant_Damage_And_Fatalities
8315,Minor_Damage_And_Injuries
8317,Significant_Damage_And_Serious_Injuries
8319,Highly_Fatal_And_Damaging
8322,Significant_Damage_And_Serious_Injuries
8327,Highly_Fatal_And_Damaging
8329,Minor_Damage_And_Injuries
8336,Minor_Damage_And_Injuries
8345,Minor_Damage_And_Injuries
8361,Highly_Fatal_And_Damaging
8362,Significant_Damage_And_Fatalities
8365,Minor_Damage_And_Injuries
8369,Highly_Fatal_And_Damaging
8372,Highly_Fatal_And_Damaging
8374,Minor_Damage_And_Injuries
8376,Significant_Damage_And_Serious_Injuries
8377,Highly_Fatal_And_Damaging
8388,Highly_Fatal_And_Damaging
8389,Highly_Fatal_And_Damaging
8390,Highly_Fatal_And_Damaging
8395,Minor_Damage_And_Injuries
8402,Significant_Damage_And_Serious_Injuries
8412,Minor_Damage_And_Injuries
8419,Highly_Fatal_And_Damaging
8426,Significant_Damage_And_Fatalities
8428,Minor_Damage_And_Injuries
8429,Significant_Damage_And_Serious_Injuries
8431,Significant_Damage_And_Serious_Injuries
8450,Highly_Fatal_And_Damaging
8456,Minor_Damage_And_Injuries
8463,Highly_Fatal_And_Damaging
8490,Highly_Fatal_And_Damaging
8491,Significant_Damage_And_Fatalities
8496,Minor_Damage_And_Injuries
8507,Significant_Damage_And_Serious_Injuries
8513,Significant_Damage_And_Serious_Injuries
8517,Significant_Damage_And_Serious_Injuries
8519,Minor_Damage_And_Injuries
8524,Significant_Damage_And_Serious_Injuries
8542,Highly_Fatal_And_Damaging
8543,Highly_Fatal_And_Damaging
8551,Highly_Fatal_And_Damaging
8553,Highly_Fatal_And_Damaging
8562,Significant_Damage_And_Serious_Injuries
8567,Significant_Damage_And_Serious_Injuries
8571,Significant_Damage_And_Serious_Injuries
8574,Highly_Fatal_And_Damaging
8575,Significant_Damage_And_Serious_Injuries
8576,Minor_Damage_And_Injuries
8586,Minor_Damage_And_Injuries
8587,Highly_Fatal_And_Damaging
8590,Minor_Damage_And_Injuries
8594,Highly_Fatal_And_Damaging
8596,Highly_Fatal_And_Damaging
8599,Highly_Fatal_And_Damaging
8604,Highly_Fatal_And_Damaging
8606,Highly_Fatal_And_Damaging
8620,Significant_Damage_And_Serious_Injuries
8623,Minor_Damage_And_Injuries
8643,Minor_Damage_And_Injuries
8652,Highly_Fatal_And_Damaging
8653,Highly_Fatal_And_Damaging
8655,Highly_Fatal_And_Damaging
8657,Significant_Damage_And_Serious_Injuries
8663,Significant_Damage_And_Serious_Injuries
8665,Highly_Fatal_And_Damaging
8685,Minor_Damage_And_Injuries
8715,Minor_Damage_And_Injuries
8719,Highly_Fatal_And_Damaging
8724,Highly_Fatal_And_Damaging
8725,Highly_Fatal_And_Damaging
8726,Highly_Fatal_And_Damaging
8728,Significant_Damage_And_Serious_Injuries
8729,Minor_Damage_And_Injuries
8730,Significant_Damage_And_Fatalities
8737,Minor_Damage_And_Injuries
8743,Significant_Damage_And_Fatalities
8744,Minor_Damage_And_Injuries
8747,Significant_Damage_And_Fatalities
8749,Minor_Damage_And_Injuries
8751,Significant_Damage_And_Serious_Injuries
8754,Minor_Damage_And_Injuries
8756,Highly_Fatal_And_Damaging
8759,Highly_Fatal_And_Damaging
8767,Significant_Damage_And_Fatalities
8772,Highly_Fatal_And_Damaging
8773,Highly_Fatal_And_Damaging
8776,Highly_Fatal_And_Damaging
8780,Significant_Damage_And_Serious_Injuries
8781,Minor_Damage_And_Injuries
8786,Minor_Damage_And_Injuries
8791,Highly_Fatal_And_Damaging
8793,Minor_Damage_And_Injuries
8796,Minor_Damage_And_Injuries
8798,Significant_Damage_And_Fatalities
8804,Minor_Damage_And_Injuries
8812,Significant_Damage_And_Serious_Injuries
8815,Minor_Damage_And_Injuries
8862,Highly_Fatal_And_Damaging
8867,Highly_Fatal_And_Damaging
8870,Highly_Fatal_And_Damaging
8873,Significant_Damage_And_Serious_Injuries
8875,Highly_Fatal_And_Damaging
8881,Highly_Fatal_And_Damaging
8882,Highly_Fatal_And_Damaging
8901,Highly_Fatal_And_Damaging
8903,Significant_Damage_And_Serious_Injuries
8905,Significant_Damage_And_Serious_Injuries
8908,Significant_Damage_And_Serious_Injuries
8909,Minor_Damage_And_Injuries
8913,Significant_Damage_And_Fatalities
8916,Highly_Fatal_And_Damaging
8931,Significant_Damage_And_Serious_Injuries
8936,Minor_Damage_And_Injuries
8943,Minor_Damage_And_Injuries
8944,Significant_Damage_And_Serious_Injuries
8961,Highly_Fatal_And_Damaging
8970,Minor_Damage_And_Injuries
8976,Minor_Damage_And_Injuries
8983,Significant_Damage_And_Serious_Injuries
8989,Highly_Fatal_And_Damaging
8998,Significant_Damage_And_Fatalities
8999,Minor_Damage_And_Injuries
9002,Highly_Fatal_And_Damaging
9013,Highly_Fatal_And_Damaging
9014,Minor_Damage_And_Injuries
9018,Highly_Fatal_And_Damaging
9026,Minor_Damage_And_Injuries
9027,Minor_Damage_And_Injuries
9033,Significant_Damage_And_Serious_Injuries
9035,Minor_Damage_And_Injuries
9040,Significant_Damage_And_Serious_Injuries
9047,Minor_Damage_And_Injuries
9049,Highly_Fatal_And_Damaging
9051,Minor_Damage_And_Injuries
9057,Significant_Damage_And_Serious_Injuries
9072,Highly_Fatal_And_Damaging
9078,Significant_Damage_And_Serious_Injuries
9080,Significant_Damage_And_Serious_Injuries
9081,Significant_Damage_And_Fatalities
9083,Minor_Damage_And_Injuries
9088,Significant_Damage_And_Fatalities
9089,Minor_Damage_And_Injuries
9109,Significant_Damage_And_Fatalities
9111,Minor_Damage_And_Injuries
9113,Highly_Fatal_And_Damaging
9117,Significant_Damage_And_Fatalities
9119,Significant_Damage_And_Serious_Injuries
9123,Significant_Damage_And_Fatalities
9127,Significant_Damage_And_Serious_Injuries
9135,Minor_Damage_And_Injuries
9139,Minor_Damage_And_Injuries
9143,Highly_Fatal_And_Damaging
9148,Significant_Damage_And_Fatalities
9160,Highly_Fatal_And_Damaging
9166,Significant_Damage_And_Serious_Injuries
9176,Significant_Damage_And_Serious_Injuries
9177,Significant_Damage_And_Fatalities
9178,Highly_Fatal_And_Damaging
9181,Highly_Fatal_And_Damaging
9185,Significant_Damage_And_Serious_Injuries
9187,Highly_Fatal_And_Damaging
9192,Highly_Fatal_And_Damaging
9200,Significant_Damage_And_Serious_Injuries
9212,Minor_Damage_And_Injuries
9219,Significant_Damage_And_Fatalities
9230,Minor_Damage_And_Injuries
9231,Minor_Damage_And_Injuries
9232,Highly_Fatal_And_Damaging
9239,Significant_Damage_And_Serious_Injuries
9242,Minor_Damage_And_Injuries
9245,Significant_Damage_And_Serious_Injuries
9247,Significant_Damage_And_Serious_Injuries
9250,Significant_Damage_And_Serious_Injuries
9252,Minor_Damage_And_Injuries
9257,Minor_Damage_And_Injuries
9260,Highly_Fatal_And_Damaging
9264,Highly_Fatal_And_Damaging
9266,Significant_Damage_And_Fatalities
9270,Minor_Damage_And_Injuries
9274,Highly_Fatal_And_Damaging
9279,Significant_Damage_And_Fatalities
9281,Significant_Damage_And_Fatalities
9282,Highly_Fatal_And_Damaging
9283,Highly_Fatal_And_Damaging
9292,Highly_Fatal_And_Damaging
9300,Highly_Fatal_And_Damaging
9302,Minor_Damage_And_Injuries
9303,Highly_Fatal_And_Damaging
9308,Highly_Fatal_And_Damaging
9313,Significant_Damage_And_Serious_Injuries
9321,Highly_Fatal_And_Damaging
9324,Highly_Fatal_And_Damaging
9333,Significant_Damage_And_Serious_Injuries
9340,Highly_Fatal_And_Damaging
9349,Minor_Damage_And_Injuries
9351,Highly_Fatal_And_Damaging
9352,Significant_Damage_And_Serious_Injuries
9353,Minor_Damage_And_Injuries
9359,Significant_Damage_And_Serious_Injuries
9363,Minor_Damage_And_Injuries
9365,Significant_Damage_And_Fatalities
9373,Highly_Fatal_And_Damaging
9377,Highly_Fatal_And_Damaging
9383,Significant_Damage_And_Fatalities
9389,Significant_Damage_And_Serious_Injuries
9392,Highly_Fatal_And_Damaging
9400,Minor_Damage_And_Injuries
9401,Significant_Damage_And_Fatalities
9407,Highly_Fatal_And_Damaging
9408,Highly_Fatal_And_Damaging
9417,Minor_Damage_And_Injuries
9423,Highly_Fatal_And_Damaging
9424,Highly_Fatal_And_Damaging
9430,Minor_Damage_And_Injuries
9449,Minor_Damage_And_Injuries
9452,Significant_Damage_And_Serious_Injuries
9453,Highly_Fatal_And_Damaging
9456,Minor_Damage_And_Injuries
9461,Minor_Damage_And_Injuries
9463,Highly_Fatal_And_Damaging
9465,Minor_Damage_And_Injuries
9471,Significant_Damage_And_Fatalities
9484,Highly_Fatal_And_Damaging
9489,Minor_Damage_And_Injuries
9495,Minor_Damage_And_Injuries
9508,Minor_Damage_And_Injuries
9515,Highly_Fatal_And_Damaging
9521,Highly_Fatal_And_Damaging
9528,Significant_Damage_And_Fatalities
9534,Highly_Fatal_And_Damaging
9539,Minor_Damage_And_Injuries
9540,Significant_Damage_And_Serious_Injuries
9553,Highly_Fatal_And_Damaging
9557,Highly_Fatal_And_Damaging
9565,Minor_Damage_And_Injuries
9572,Highly_Fatal_And_Damaging
9583,Minor_Damage_And_Injuries
9584,Minor_Damage_And_Injuries
9585,Minor_Damage_And_Injuries
9588,Highly_Fatal_And_Damaging
9591,Minor_Damage_And_Injuries
9595,Highly_Fatal_And_Damaging
9602,Minor_Damage_And_Injuries
9612,Highly_Fatal_And_Damaging
9615,Highly_Fatal_And_Damaging
9622,Highly_Fatal_And_Damaging
9632,Highly_Fatal_And_Damaging
9636,Significant_Damage_And_Fatalities
9640,Minor_Damage_And_Injuries
9641,Significant_Damage_And_Fatalities
9648,Significant_Damage_And_Serious_Injuries
9659,Minor_Damage_And_Injuries
9667,Highly_Fatal_And_Damaging
9669,Highly_Fatal_And_Damaging
9672,Minor_Damage_And_Injuries
9689,Minor_Damage_And_Injuries
9694,Highly_Fatal_And_Damaging
9695,Highly_Fatal_And_Damaging
9696,Significant_Damage_And_Serious_Injuries
9699,Minor_Damage_And_Injuries
9717,Significant_Damage_And_Fatalities
9720,Highly_Fatal_And_Damaging
9721,Minor_Damage_And_Injuries
9729,Highly_Fatal_And_Damaging
9736,Significant_Damage_And_Serious_Injuries
9740,Minor_Damage_And_Injuries
9746,Highly_Fatal_And_Damaging
9748,Significant_Damage_And_Fatalities
9750,Significant_Damage_And_Serious_Injuries
9751,Highly_Fatal_And_Damaging
9755,Highly_Fatal_And_Damaging
9757,Significant_Damage_And_Fatalities
9759,Minor_Damage_And_Injuries
9761,Highly_Fatal_And_Damaging
9770,Highly_Fatal_And_Damaging
9778,Minor_Damage_And_Injuries
9779,Highly_Fatal_And_Damaging
9783,Highly_Fatal_And_Damaging
9784,Minor_Damage_And_Injuries
9791,Minor_Damage_And_Injuries
9798,Highly_Fatal_And_Damaging
9804,Minor_Damage_And_Injuries
9809,Significant_Damage_And_Serious_Injuries
9811,Minor_Damage_And_Injuries
9817,Highly_Fatal_And_Damaging
9818,Minor_Damage_And_Injuries
9819,Significant_Damage_And_Serious_Injuries
9820,Minor_Damage_And_Injuries
9838,Highly_Fatal_And_Damaging
9840,Minor_Damage_And_Injuries
9856,Significant_Damage_And_Serious_Injuries
9858,Highly_Fatal_And_Damaging
9861,Significant_Damage_And_Serious_Injuries
9864,Significant_Damage_And_Fatalities
9866,Highly_Fatal_And_Damaging
9889,Significant_Damage_And_Serious_Injuries
9890,Highly_Fatal_And_Damaging
9894,Minor_Damage_And_Injuries
9896,Highly_Fatal_And_Damaging
9900,Highly_Fatal_And_Damaging
9901,Minor_Damage_And_Injuries
9903,Minor_Damage_And_Injuries
9905,Significant_Damage_And_Serious_Injuries
9906,Highly_Fatal_And_Damaging
9912,Highly_Fatal_And_Damaging
9913,Significant_Damage_And_Fatalities
9915,Minor_Damage_And_Injuries
9918,Highly_Fatal_And_Damaging
9919,Minor_Damage_And_Injuries
9920,Minor_Damage_And_Injuries
9924,Significant_Damage_And_Serious_Injuries
9925,Significant_Damage_And_Serious_Injuries
9930,Highly_Fatal_And_Damaging
9936,Highly_Fatal_And_Damaging
9939,Minor_Damage_And_Injuries
9945,Significant_Damage_And_Serious_Injuries
9947,Highly_Fatal_And_Damaging
9948,Highly_Fatal_And_Damaging
9956,Significant_Damage_And_Fatalities
9963,Highly_Fatal_And_Damaging
9965,Significant_Damage_And_Serious_Injuries
9969,Minor_Damage_And_Injuries
9972,Minor_Damage_And_Injuries
9980,Highly_Fatal_And_Damaging
9985,Minor_Damage_And_Injuries
9991,Significant_Damage_And_Serious_Injuries
9999,Minor_Damage_And_Injuries
10000,Highly_Fatal_And_Damaging
10002,Highly_Fatal_And_Damaging
10004,Highly_Fatal_And_Damaging
10006,Highly_Fatal_And_Damaging
10008,Significant_Damage_And_Serious_Injuries
10024,Minor_Damage_And_Injuries
10032,Minor_Damage_And_Injuries
10038,Significant_Damage_And_Serious_Injuries
10054,Significant_Damage_And_Serious_Injuries
10057,Significant_Damage_And_Fatalities
10062,Significant_Damage_And_Fatalities
10069,Significant_Damage_And_Serious_Injuries
10074,Highly_Fatal_And_Damaging
10085,Highly_Fatal_And_Damaging
10086,Minor_Damage_And_Injuries
10089,Minor_Damage_And_Injuries
10092,Highly_Fatal_And_Damaging
10102,Highly_Fatal_And_Damaging
10104,Minor_Damage_And_Injuries
10112,Highly_Fatal_And_Damaging
10114,Minor_Damage_And_Injuries
10129,Significant_Damage_And_Serious_Injuries
10134,Minor_Damage_And_Injuries
10138,Significant_Damage_And_Fatalities
10145,Highly_Fatal_And_Damaging
10152,Highly_Fatal_And_Damaging
10156,Minor_Damage_And_Injuries
10171,Minor_Damage_And_Injuries
10182,Minor_Damage_And_Injuries
10183,Highly_Fatal_And_Damaging
10185,Significant_Damage_And_Fatalities
10194,Highly_Fatal_And_Damaging
10199,Minor_Damage_And_Injuries
10212,Significant_Damage_And_Serious_Injuries
10220,Minor_Damage_And_Injuries
10222,Minor_Damage_And_Injuries
10233,Highly_Fatal_And_Damaging
10235,Minor_Damage_And_Injuries
10236,Minor_Damage_And_Injuries
10243,Highly_Fatal_And_Damaging
10247,Highly_Fatal_And_Damaging
10251,Highly_Fatal_And_Damaging
10253,Highly_Fatal_And_Damaging
10263,Minor_Damage_And_Injuries
10273,Highly_Fatal_And_Damaging
10276,Highly_Fatal_And_Damaging
10282,Highly_Fatal_And_Damaging
10291,Significant_Damage_And_Fatalities
10298,Highly_Fatal_And_Damaging
10300,Highly_Fatal_And_Damaging
10303,Minor_Damage_And_Injuries
10306,Minor_Damage_And_Injuries
10307,Highly_Fatal_And_Damaging
10310,Minor_Damage_And_Injuries
10316,Highly_Fatal_And_Damaging
10324,Highly_Fatal_And_Damaging
10325,Highly_Fatal_And_Damaging
10331,Highly_Fatal_And_Damaging
10332,Minor_Damage_And_Injuries
10338,Minor_Damage_And_Injuries
10351,Minor_Damage_And_Injuries
10358,Minor_Damage_And_Injuries
10359,Significant_Damage_And_Serious_Injuries
10360,Significant_Damage_And_Fatalities
10366,Highly_Fatal_And_Damaging
10372,Highly_Fatal_And_Damaging
10374,Significant_Damage_And_Serious_Injuries
10390,Minor_Damage_And_Injuries
10400,Minor_Damage_And_Injuries
10404,Highly_Fatal_And_Damaging
10406,Highly_Fatal_And_Damaging
10425,Highly_Fatal_And_Damaging
10442,Significant_Damage_And_Serious_Injuries
10452,Significant_Damage_And_Fatalities
10465,Significant_Damage_And_Fatalities
10467,Highly_Fatal_And_Damaging
10480,Significant_Damage_And_Fatalities
10483,Highly_Fatal_And_Damaging
10486,Highly_Fatal_And_Damaging
10490,Significant_Damage_And_Serious_Injuries
10491,Significant_Damage_And_Serious_Injuries
10495,Highly_Fatal_And_Damaging
10496,Highly_Fatal_And_Damaging
10504,Highly_Fatal_And_Damaging
10506,Highly_Fatal_And_Damaging
10508,Significant_Damage_And_Serious_Injuries
10514,Highly_Fatal_And_Damaging
10515,Highly_Fatal_And_Damaging
10517,Minor_Damage_And_Injuries
10518,Minor_Damage_And_Injuries
10520,Significant_Damage_And_Fatalities
10527,Minor_Damage_And_Injuries
10535,Highly_Fatal_And_Damaging
10536,Highly_Fatal_And_Damaging
10547,Highly_Fatal_And_Damaging
10553,Minor_Damage_And_Injuries
10555,Highly_Fatal_And_Damaging
10556,Minor_Damage_And_Injuries
10557,Minor_Damage_And_Injuries
10560,Highly_Fatal_And_Damaging
10572,Significant_Damage_And_Serious_Injuries
10573,Significant_Damage_And_Fatalities
10582,Significant_Damage_And_Serious_Injuries
10587,Significant_Damage_And_Serious_Injuries
10588,Minor_Damage_And_Injuries
10596,Minor_Damage_And_Injuries
10600,Highly_Fatal_And_Damaging
10601,Minor_Damage_And_Injuries
10604,Highly_Fatal_And_Damaging
10607,Significant_Damage_And_Serious_Injuries
10613,Minor_Damage_And_Injuries
10618,Significant_Damage_And_Serious_Injuries
10621,Significant_Damage_And_Serious_Injuries
10624,Minor_Damage_And_Injuries
10633,Highly_Fatal_And_Damaging
10638,Highly_Fatal_And_Damaging
10640,Significant_Damage_And_Serious_Injuries
10644,Highly_Fatal_And_Damaging
10647,Highly_Fatal_And_Damaging
10653,Highly_Fatal_And_Damaging
10657,Significant_Damage_And_Serious_Injuries
10658,Highly_Fatal_And_Damaging
10670,Minor_Damage_And_Injuries
10674,Highly_Fatal_And_Damaging
10685,Significant_Damage_And_Serious_Injuries
10687,Significant_Damage_And_Serious_Injuries
10691,Significant_Damage_And_Fatalities
10692,Minor_Damage_And_Injuries
10698,Minor_Damage_And_Injuries
10699,Highly_Fatal_And_Damaging
10702,Highly_Fatal_And_Damaging
10711,Minor_Damage_And_Injuries
10713,Minor_Damage_And_Injuries
10718,Highly_Fatal_And_Damaging
10729,Highly_Fatal_And_Damaging
10733,Minor_Damage_And_Injuries
10736,Highly_Fatal_And_Damaging
10737,Significant_Damage_And_Serious_Injuries
10740,Significant_Damage_And_Serious_Injuries
10746,Highly_Fatal_And_Damaging
10748,Highly_Fatal_And_Damaging
10749,Significant_Damage_And_Fatalities
10750,Minor_Damage_And_Injuries
10751,Minor_Damage_And_Injuries
10753,Significant_Damage_And_Fatalities
10776,Highly_Fatal_And_Damaging
10781,Significant_Damage_And_Serious_Injuries
10786,Highly_Fatal_And_Damaging
10792,Minor_Damage_And_Injuries
10798,Minor_Damage_And_Injuries
10799,Significant_Damage_And_Fatalities
10808,Significant_Damage_And_Serious_Injuries
10809,Minor_Damage_And_Injuries
10810,Significant_Damage_And_Fatalities
10812,Highly_Fatal_And_Damaging
10813,Highly_Fatal_And_Damaging
10815,Highly_Fatal_And_Damaging
10819,Minor_Damage_And_Injuries
10821,Highly_Fatal_And_Damaging
10826,Highly_Fatal_And_Damaging
10832,Minor_Damage_And_Injuries
10836,Significant_Damage_And_Serious_Injuries
10846,Minor_Damage_And_Injuries
10853,Highly_Fatal_And_Damaging
10854,Minor_Damage_And_Injuries
10866,Highly_Fatal_And_Damaging
10867,Significant_Damage_And_Serious_Injuries
10875,Significant_Damage_And_Serious_Injuries
10882,Significant_Damage_And_Fatalities
10892,Minor_Damage_And_Injuries
10895,Significant_Damage_And_Fatalities
10915,Minor_Damage_And_Injuries
10921,Significant_Damage_And_Serious_Injuries
10926,Minor_Damage_And_Injuries
10927,Significant_Damage_And_Serious_Injuries
10934,Significant_Damage_And_Serious_Injuries
10936,Minor_Damage_And_Injuries
10938,Highly_Fatal_And_Damaging
10941,Minor_Damage_And_Injuries
10953,Minor_Damage_And_Injuries
10956,Highly_Fatal_And_Damaging
10957,Minor_Damage_And_Injuries
10959,Highly_Fatal_And_Damaging
10960,Significant_Damage_And_Fatalities
10963,Highly_Fatal_And_Damaging
10970,Minor_Damage_And_Injuries
10981,Significant_Damage_And_Serious_Injuries
10982,Minor_Damage_And_Injuries
10984,Highly_Fatal_And_Damaging
10988,Minor_Damage_And_Injuries
10996,Significant_Damage_And_Serious_Injuries
11002,Highly_Fatal_And_Damaging
11011,Highly_Fatal_And_Damaging
11017,Significant_Damage_And_Serious_Injuries
11019,Minor_Damage_And_Injuries
11024,Minor_Damage_And_Injuries
11029,Significant_Damage_And_Serious_Injuries
11030,Minor_Damage_And_Injuries
11032,Minor_Damage_And_Injuries
11036,Highly_Fatal_And_Damaging
11037,Significant_Damage_And_Serious_Injuries
11040,Highly_Fatal_And_Damaging
11043,Minor_Damage_And_Injuries
11051,Highly_Fatal_And_Damaging
11055,Significant_Damage_And_Fatalities
11056,Minor_Damage_And_Injuries
11059,Minor_Damage_And_Injuries
11063,Highly_Fatal_And_Damaging
11067,Minor_Damage_And_Injuries
11069,Significant_Damage_And_Serious_Injuries
11080,Significant_Damage_And_Serious_Injuries
11082,Highly_Fatal_And_Damaging
11083,Minor_Damage_And_Injuries
11095,Significant_Damage_And_Fatalities
11102,Significant_Damage_And_Fatalities
11114,Minor_Damage_And_Injuries
11115,Minor_Damage_And_Injuries
11122,Significant_Damage_And_Serious_Injuries
11125,Significant_Damage_And_Fatalities
11132,Minor_Damage_And_Injuries
11140,Minor_Damage_And_Injuries
11147,Highly_Fatal_And_Damaging
11148,Minor_Damage_And_Injuries
11151,Highly_Fatal_And_Damaging
11156,Significant_Damage_And_Serious_Injuries
11168,Significant_Damage_And_Serious_Injuries
11174,Significant_Damage_And_Fatalities
11175,Significant_Damage_And_Serious_Injuries
11180,Significant_Damage_And_Fatalities
11189,Significant_Damage_And_Serious_Injuries
11193,Highly_Fatal_And_Damaging
11196,Minor_Damage_And_Injuries
11197,Minor_Damage_And_Injuries
11198,Highly_Fatal_And_Damaging
11199,Highly_Fatal_And_Damaging
11204,Minor_Damage_And_Injuries
11211,Significant_Damage_And_Fatalities
11225,Highly_Fatal_And_Damaging
11235,Minor_Damage_And_Injuries
11239,Minor_Damage_And_Injuries
11241,Highly_Fatal_And_Damaging
11250,Minor_Damage_And_Injuries
11251,Highly_Fatal_And_Damaging
11254,Significant_Damage_And_Fatalities
11260,Minor_Damage_And_Injuries
11261,Minor_Damage_And_Injuries
11263,Minor_Damage_And_Injuries
11267,Highly_Fatal_And_Damaging
11270,Highly_Fatal_And_Damaging
11272,Highly_Fatal_And_Damaging
11275,Minor_Damage_And_Injuries
11276,Minor_Damage_And_Injuries
11280,Minor_Damage_And_Injuries
11282,Highly_Fatal_And_Damaging
11287,Significant_Damage_And_Fatalities
11289,Highly_Fatal_And_Damaging
11291,Highly_Fatal_And_Damaging
11293,Significant_Damage_And_Fatalities
11297,Significant_Damage_And_Serious_Injuries
11301,Significant_Damage_And_Fatalities
11308,Highly_Fatal_And_Damaging
11309,Significant_Damage_And_Fatalities
11310,Highly_Fatal_And_Damaging
11311,Minor_Damage_And_Injuries
11312,Highly_Fatal_And_Damaging
11315,Significant_Damage_And_Serious_Injuries
11317,Significant_Damage_And_Serious_Injuries
11326,Significant_Damage_And_Fatalities
11334,Significant_Damage_And_Fatalities
11337,Significant_Damage_And_Serious_Injuries
11339,Minor_Damage_And_Injuries
11346,Minor_Damage_And_Injuries
11347,Highly_Fatal_And_Damaging
11348,Minor_Damage_And_Injuries
11352,Minor_Damage_And_Injuries
11357,Highly_Fatal_And_Damaging
11360,Highly_Fatal_And_Damaging
11368,Highly_Fatal_And_Damaging
11396,Minor_Damage_And_Injuries
11405,Significant_Damage_And_Fatalities
11411,Highly_Fatal_And_Damaging
11412,Minor_Damage_And_Injuries
11414,Highly_Fatal_And_Damaging
11417,Significant_Damage_And_Serious_Injuries
11421,Highly_Fatal_And_Damaging
11424,Highly_Fatal_And_Damaging
11428,Significant_Damage_And_Serious_Injuries
11436,Significant_Damage_And_Serious_Injuries
11438,Significant_Damage_And_Serious_Injuries
11439,Highly_Fatal_And_Damaging
11449,Significant_Damage_And_Fatalities
11454,Highly_Fatal_And_Damaging
11456,Highly_Fatal_And_Damaging
11458,Highly_Fatal_And_Damaging
11460,Highly_Fatal_And_Damaging
11461,Highly_Fatal_And_Damaging
11467,Significant_Damage_And_Fatalities
11468,Highly_Fatal_And_Damaging
11480,Highly_Fatal_And_Damaging
11485,Minor_Damage_And_Injuries
11486,Minor_Damage_And_Injuries
11491,Significant_Damage_And_Fatalities
11498,Highly_Fatal_And_Damaging
11501,Minor_Damage_And_Injuries
11502,Significant_Damage_And_Serious_Injuries
11506,Highly_Fatal_And_Damaging
11521,Highly_Fatal_And_Damaging
11523,Significant_Damage_And_Fatalities
11524,Highly_Fatal_And_Damaging
11529,Highly_Fatal_And_Damaging
11532,Highly_Fatal_And_Damaging
11542,Minor_Damage_And_Injuries
11555,Significant_Damage_And_Serious_Injuries
11559,Highly_Fatal_And_Damaging
11563,Highly_Fatal_And_Damaging
11566,Minor_Damage_And_Injuries
11572,Significant_Damage_And_Fatalities
11575,Minor_Damage_And_Injuries
11577,Highly_Fatal_And_Damaging
11579,Significant_Damage_And_Serious_Injuries
11581,Highly_Fatal_And_Damaging
11591,Highly_Fatal_And_Damaging
11594,Highly_Fatal_And_Damaging
11598,Significant_Damage_And_Serious_Injuries
11599,Significant_Damage_And_Serious_Injuries
11601,Highly_Fatal_And_Damaging
11602,Significant_Damage_And_Serious_Injuries
11603,Significant_Damage_And_Fatalities
11610,Minor_Damage_And_Injuries
11611,Significant_Damage_And_Serious_Injuries
11614,Highly_Fatal_And_Damaging
11621,Significant_Damage_And_Serious_Injuries
11625,Highly_Fatal_And_Damaging
11632,Highly_Fatal_And_Damaging
11633,Highly_Fatal_And_Damaging
11639,Minor_Damage_And_Injuries
11643,Minor_Damage_And_Injuries
11647,Highly_Fatal_And_Damaging
11648,Minor_Damage_And_Injuries
11650,Significant_Damage_And_Fatalities
11657,Minor_Damage_And_Injuries
11662,Minor_Damage_And_Injuries
11667,Minor_Damage_And_Injuries
11681,Significant_Damage_And_Serious_Injuries
11687,Significant_Damage_And_Serious_Injuries
11691,Significant_Damage_And_Serious_Injuries
11707,Minor_Damage_And_Injuries
11708,Highly_Fatal_And_Damaging
11722,Significant_Damage_And_Serious_Injuries
11726,Significant_Damage_And_Fatalities
11729,Highly_Fatal_And_Damaging
11735,Significant_Damage_And_Serious_Injuries
11739,Highly_Fatal_And_Damaging
11741,Significant_Damage_And_Serious_Injuries
11748,Highly_Fatal_And_Damaging
11749,Minor_Damage_And_Injuries
11757,Significant_Damage_And_Fatalities
11758,Minor_Damage_And_Injuries
11765,Significant_Damage_And_Fatalities
11766,Significant_Damage_And_Serious_Injuries
11770,Significant_Damage_And_Fatalities
11772,Significant_Damage_And_Fatalities
11778,Highly_Fatal_And_Damaging
11786,Significant_Damage_And_Serious_Injuries
11789,Highly_Fatal_And_Damaging
11797,Highly_Fatal_And_Damaging
11800,Highly_Fatal_And_Damaging
11804,Highly_Fatal_And_Damaging
11810,Significant_Damage_And_Serious_Injuries
11842,Minor_Damage_And_Injuries
11843,Minor_Damage_And_Injuries
11847,Significant_Damage_And_Serious_Injuries
11848,Significant_Damage_And_Serious_Injuries
11849,Significant_Damage_And_Serious_Injuries
11850,Significant_Damage_And_Fatalities
11876,Highly_Fatal_And_Damaging
11879,Minor_Damage_And_Injuries
11882,Significant_Damage_And_Fatalities
11890,Minor_Damage_And_Injuries
11894,Minor_Damage_And_Injuries
11897,Highly_Fatal_And_Damaging
11900,Significant_Damage_And_Serious_Injuries
11904,Highly_Fatal_And_Damaging
11913,Minor_Damage_And_Injuries
11933,Highly_Fatal_And_Damaging
11943,Significant_Damage_And_Fatalities
11944,Minor_Damage_And_Injuries
11949,Significant_Damage_And_Serious_Injuries
11952,Significant_Damage_And_Fatalities
11957,Minor_Damage_And_Injuries
11960,Significant_Damage_And_Serious_Injuries
11975,Significant_Damage_And_Fatalities
11978,Minor_Damage_And_Injuries
11983,Significant_Damage_And_Serious_Injuries
11990,Highly_Fatal_And_Damaging
12002,Minor_Damage_And_Injuries
12004,Highly_Fatal_And_Damaging
12011,Highly_Fatal_And_Damaging
12016,Significant_Damage_And_Serious_Injuries
12020,Minor_Damage_And_Injuries
12023,Highly_Fatal_And_Damaging
12024,Minor_Damage_And_Injuries
12025,Minor_Damage_And_Injuries
12045,Minor_Damage_And_Injuries
12051,Highly_Fatal_And_Damaging
12054,Significant_Damage_And_Fatalities
12055,Significant_Damage_And_Fatalities
12060,Significant_Damage_And_Serious_Injuries
12065,Highly_Fatal_And_Damaging
12068,Minor_Damage_And_Injuries
12069,Significant_Damage_And_Serious_Injuries
12070,Minor_Damage_And_Injuries
12072,Significant_Damage_And_Serious_Injuries
12079,Highly_Fatal_And_Damaging
12080,Minor_Damage_And_Injuries
12086,Highly_Fatal_And_Damaging
12096,Highly_Fatal_And_Damaging
12105,Highly_Fatal_And_Damaging
12106,Highly_Fatal_And_Damaging
12107,Minor_Damage_And_Injuries
12121,Minor_Damage_And_Injuries
12125,Minor_Damage_And_Injuries
12133,Highly_Fatal_And_Damaging
12134,Highly_Fatal_And_Damaging
12150,Significant_Damage_And_Fatalities
12152,Highly_Fatal_And_Damaging
12163,Minor_Damage_And_Injuries
12173,Minor_Damage_And_Injuries
12186,Significant_Damage_And_Serious_Injuries
12188,Minor_Damage_And_Injuries
12191,Highly_Fatal_And_Damaging
12193,Minor_Damage_And_Injuries
12196,Significant_Damage_And_Fatalities
12198,Significant_Damage_And_Fatalities
12222,Significant_Damage_And_Serious_Injuries
12224,Significant_Damage_And_Fatalities
12225,Significant_Damage_And_Fatalities
12229,Highly_Fatal_And_Damaging
12234,Minor_Damage_And_Injuries
12235,Significant_Damage_And_Serious_Injuries
12236,Highly_Fatal_And_Damaging
12246,Significant_Damage_And_Serious_Injuries
12250,Highly_Fatal_And_Damaging
12263,Highly_Fatal_And_Damaging
12264,Minor_Damage_And_Injuries
12269,Significant_Damage_And_Fatalities
12277,Significant_Damage_And_Serious_Injuries
12292,Significant_Damage_And_Serious_Injuries
12310,Significant_Damage_And_Fatalities
12318,Significant_Damage_And_Serious_Injuries
12329,Highly_Fatal_And_Damaging
12332,Highly_Fatal_And_Damaging
12340,Highly_Fatal_And_Damaging
12346,Minor_Damage_And_Injuries
12353,Minor_Damage_And_Injuries
12354,Minor_Damage_And_Injuries
12356,Significant_Damage_And_Serious_Injuries
12366,Minor_Damage_And_Injuries
12367,Highly_Fatal_And_Damaging
12378,Significant_Damage_And_Serious_Injuries
12389,Significant_Damage_And_Serious_Injuries
12390,Significant_Damage_And_Fatalities
12402,Minor_Damage_And_Injuries
12406,Significant_Damage_And_Serious_Injuries
12412,Minor_Damage_And_Injuries
12413,Minor_Damage_And_Injuries
12415,Highly_Fatal_And_Damaging
12420,Minor_Damage_And_Injuries
12423,Highly_Fatal_And_Damaging
12432,Highly_Fatal_And_Damaging
12433,Significant_Damage_And_Serious_Injuries
12435,Significant_Damage_And_Serious_Injuries
12436,Highly_Fatal_And_Damaging
12437,Minor_Damage_And_Injuries
12438,Minor_Damage_And_Injuries
12442,Highly_Fatal_And_Damaging
12444,Significant_Damage_And_Fatalities
12446,Significant_Damage_And_Fatalities
12461,Highly_Fatal_And_Damaging
12473,Minor_Damage_And_Injuries
12474,Minor_Damage_And_Injuries
12476,Highly_Fatal_And_Damaging
12484,Minor_Damage_And_Injuries
12487,Significant_Damage_And_Fatalities
12488,Minor_Damage_And_Injuries
12491,Significant_Damage_And_Fatalities
12493,Significant_Damage_And_Serious_Injuries
