Severity,Accident_ID
Minor_Damage_And_Injuries,1
Minor_Damage_And_Injuries,10
Significant_Damage_And_Fatalities,14
Significant_Damage_And_Serious_Injuries,17
Significant_Damage_And_Fatalities,21
Minor_Damage_And_Injuries,40
Highly_Fatal_And_Damaging,45
Minor_Damage_And_Injuries,50
Highly_Fatal_And_Damaging,52
Significant_Damage_And_Serious_Injuries,85
Highly_Fatal_And_Damaging,95
Significant_Damage_And_Serious_Injuries,106
Significant_Damage_And_Serious_Injuries,111
Significant_Damage_And_Fatalities,123
Highly_Fatal_And_Damaging,129
Highly_Fatal_And_Damaging,130
Highly_Fatal_And_Damaging,132
Significant_Damage_And_Fatalities,137
Significant_Damage_And_Fatalities,159
Significant_Damage_And_Fatalities,161
Minor_Damage_And_Injuries,162
Minor_Damage_And_Injuries,166
Highly_Fatal_And_Damaging,170
Minor_Damage_And_Injuries,173
Significant_Damage_And_Fatalities,177
Significant_Damage_And_Fatalities,180
Significant_Damage_And_Fatalities,182
Highly_Fatal_And_Damaging,183
Significant_Damage_And_Fatalities,184
Highly_Fatal_And_Damaging,188
Minor_Damage_And_Injuries,190
Minor_Damage_And_Injuries,191
Highly_Fatal_And_Damaging,201
Highly_Fatal_And_Damaging,203
Significant_Damage_And_Serious_Injuries,206
Significant_Damage_And_Fatalities,217
Significant_Damage_And_Fatalities,220
Significant_Damage_And_Serious_Injuries,221
Minor_Damage_And_Injuries,225
Minor_Damage_And_Injuries,229
Minor_Damage_And_Injuries,231
Highly_Fatal_And_Damaging,232
Highly_Fatal_And_Damaging,234
Highly_Fatal_And_Damaging,236
Significant_Damage_And_Serious_Injuries,237
Minor_Damage_And_Injuries,240
Minor_Damage_And_Injuries,245
Significant_Damage_And_Fatalities,250
Significant_Damage_And_Fatalities,252
Significant_Damage_And_Serious_Injuries,254
Highly_Fatal_And_Damaging,261
Significant_Damage_And_Fatalities,265
Significant_Damage_And_Serious_Injuries,266
Highly_Fatal_And_Damaging,271
Significant_Damage_And_Serious_Injuries,273
Minor_Damage_And_Injuries,274
Significant_Damage_And_Serious_Injuries,275
Significant_Damage_And_Serious_Injuries,280
Minor_Damage_And_Injuries,285
Significant_Damage_And_Serious_Injuries,292
Significant_Damage_And_Serious_Injuries,304
Significant_Damage_And_Serious_Injuries,311
Highly_Fatal_And_Damaging,316
Minor_Damage_And_Injuries,317
Highly_Fatal_And_Damaging,318
Highly_Fatal_And_Damaging,321
Significant_Damage_And_Serious_Injuries,322
Highly_Fatal_And_Damaging,327
Minor_Damage_And_Injuries,332
Significant_Damage_And_Serious_Injuries,338
Significant_Damage_And_Serious_Injuries,356
Significant_Damage_And_Serious_Injuries,364
Significant_Damage_And_Fatalities,372
Significant_Damage_And_Fatalities,379
Highly_Fatal_And_Damaging,380
Highly_Fatal_And_Damaging,384
Highly_Fatal_And_Damaging,388
Significant_Damage_And_Serious_Injuries,390
Significant_Damage_And_Serious_Injuries,401
Minor_Damage_And_Injuries,408
Minor_Damage_And_Injuries,413
Highly_Fatal_And_Damaging,416
Significant_Damage_And_Serious_Injuries,426
Highly_Fatal_And_Damaging,428
Highly_Fatal_And_Damaging,432
Significant_Damage_And_Serious_Injuries,433
Significant_Damage_And_Serious_Injuries,437
Minor_Damage_And_Injuries,440
Significant_Damage_And_Fatalities,444
Highly_Fatal_And_Damaging,447
Significant_Damage_And_Fatalities,451
Highly_Fatal_And_Damaging,461
Significant_Damage_And_Fatalities,469
Significant_Damage_And_Serious_Injuries,470
Significant_Damage_And_Fatalities,481
Significant_Damage_And_Fatalities,483
Highly_Fatal_And_Damaging,490
Highly_Fatal_And_Damaging,491
Significant_Damage_And_Serious_Injuries,494
Minor_Damage_And_Injuries,495
Minor_Damage_And_Injuries,497
Significant_Damage_And_Fatalities,504
Minor_Damage_And_Injuries,509
Highly_Fatal_And_Damaging,511
Significant_Damage_And_Serious_Injuries,513
Significant_Damage_And_Fatalities,514
Significant_Damage_And_Fatalities,518
Significant_Damage_And_Serious_Injuries,520
Significant_Damage_And_Serious_Injuries,526
Significant_Damage_And_Fatalities,529
Highly_Fatal_And_Damaging,530
Minor_Damage_And_Injuries,532
Significant_Damage_And_Serious_Injuries,536
Significant_Damage_And_Serious_Injuries,543
Highly_Fatal_And_Damaging,553
Minor_Damage_And_Injuries,559
Highly_Fatal_And_Damaging,561
Minor_Damage_And_Injuries,563
Minor_Damage_And_Injuries,566
Highly_Fatal_And_Damaging,593
Minor_Damage_And_Injuries,595
Significant_Damage_And_Fatalities,597
Highly_Fatal_And_Damaging,602
Highly_Fatal_And_Damaging,604
Highly_Fatal_And_Damaging,615
Minor_Damage_And_Injuries,617
Significant_Damage_And_Fatalities,618
Significant_Damage_And_Fatalities,622
Significant_Damage_And_Fatalities,626
Minor_Damage_And_Injuries,633
Minor_Damage_And_Injuries,636
Minor_Damage_And_Injuries,642
Significant_Damage_And_Serious_Injuries,648
Significant_Damage_And_Serious_Injuries,651
Significant_Damage_And_Serious_Injuries,653
Minor_Damage_And_Injuries,658
Minor_Damage_And_Injuries,659
Highly_Fatal_And_Damaging,660
Significant_Damage_And_Fatalities,662
Highly_Fatal_And_Damaging,665
Highly_Fatal_And_Damaging,674
Significant_Damage_And_Serious_Injuries,676
Highly_Fatal_And_Damaging,682
Highly_Fatal_And_Damaging,686
Minor_Damage_And_Injuries,687
Highly_Fatal_And_Damaging,692
Minor_Damage_And_Injuries,699
Minor_Damage_And_Injuries,703
Significant_Damage_And_Fatalities,706
Significant_Damage_And_Serious_Injuries,708
Minor_Damage_And_Injuries,714
Highly_Fatal_And_Damaging,719
Significant_Damage_And_Serious_Injuries,721
Minor_Damage_And_Injuries,725
Significant_Damage_And_Serious_Injuries,728
Highly_Fatal_And_Damaging,733
Highly_Fatal_And_Damaging,735
Significant_Damage_And_Fatalities,736
Minor_Damage_And_Injuries,745
Significant_Damage_And_Fatalities,762
Significant_Damage_And_Serious_Injuries,768
Highly_Fatal_And_Damaging,773
Significant_Damage_And_Serious_Injuries,777
Significant_Damage_And_Fatalities,781
Minor_Damage_And_Injuries,782
Minor_Damage_And_Injuries,797
Highly_Fatal_And_Damaging,801
Highly_Fatal_And_Damaging,815
Significant_Damage_And_Serious_Injuries,818
Significant_Damage_And_Serious_Injuries,824
Significant_Damage_And_Fatalities,832
Minor_Damage_And_Injuries,834
Highly_Fatal_And_Damaging,842
Significant_Damage_And_Serious_Injuries,850
Significant_Damage_And_Serious_Injuries,855
Minor_Damage_And_Injuries,860
Significant_Damage_And_Fatalities,865
Minor_Damage_And_Injuries,867
Significant_Damage_And_Fatalities,868
Minor_Damage_And_Injuries,873
Significant_Damage_And_Fatalities,876
Significant_Damage_And_Serious_Injuries,882
Significant_Damage_And_Serious_Injuries,886
Significant_Damage_And_Fatalities,887
Significant_Damage_And_Serious_Injuries,888
Significant_Damage_And_Serious_Injuries,889
Minor_Damage_And_Injuries,898
Minor_Damage_And_Injuries,902
Minor_Damage_And_Injuries,908
Significant_Damage_And_Fatalities,909
Highly_Fatal_And_Damaging,914
Significant_Damage_And_Serious_Injuries,927
Highly_Fatal_And_Damaging,940
Significant_Damage_And_Serious_Injuries,944
Minor_Damage_And_Injuries,950
Highly_Fatal_And_Damaging,951
Significant_Damage_And_Serious_Injuries,953
Highly_Fatal_And_Damaging,956
Significant_Damage_And_Serious_Injuries,967
Minor_Damage_And_Injuries,977
Significant_Damage_And_Fatalities,978
Highly_Fatal_And_Damaging,979
Significant_Damage_And_Fatalities,982
Minor_Damage_And_Injuries,989
Significant_Damage_And_Fatalities,990
Significant_Damage_And_Fatalities,999
Significant_Damage_And_Serious_Injuries,1005
Significant_Damage_And_Fatalities,1011
Highly_Fatal_And_Damaging,1013
Highly_Fatal_And_Damaging,1015
Significant_Damage_And_Serious_Injuries,1018
Minor_Damage_And_Injuries,1021
Significant_Damage_And_Fatalities,1022
Highly_Fatal_And_Damaging,1024
Highly_Fatal_And_Damaging,1025
Significant_Damage_And_Serious_Injuries,1031
Highly_Fatal_And_Damaging,1036
Significant_Damage_And_Serious_Injuries,1048
Significant_Damage_And_Fatalities,1050
Significant_Damage_And_Fatalities,1055
Minor_Damage_And_Injuries,1057
Significant_Damage_And_Fatalities,1072
Minor_Damage_And_Injuries,1075
Highly_Fatal_And_Damaging,1082
Highly_Fatal_And_Damaging,1102
Significant_Damage_And_Serious_Injuries,1103
Highly_Fatal_And_Damaging,1109
Significant_Damage_And_Fatalities,1114
Minor_Damage_And_Injuries,1116
Minor_Damage_And_Injuries,1123
Significant_Damage_And_Serious_Injuries,1127
Significant_Damage_And_Fatalities,1135
Minor_Damage_And_Injuries,1143
Highly_Fatal_And_Damaging,1144
Significant_Damage_And_Serious_Injuries,1147
Highly_Fatal_And_Damaging,1149
Highly_Fatal_And_Damaging,1155
Significant_Damage_And_Serious_Injuries,1158
Minor_Damage_And_Injuries,1160
Significant_Damage_And_Serious_Injuries,1164
Highly_Fatal_And_Damaging,1170
Significant_Damage_And_Serious_Injuries,1175
Significant_Damage_And_Serious_Injuries,1179
Significant_Damage_And_Serious_Injuries,1186
Significant_Damage_And_Fatalities,1193
Significant_Damage_And_Serious_Injuries,1197
Significant_Damage_And_Fatalities,1198
Highly_Fatal_And_Damaging,1207
Minor_Damage_And_Injuries,1213
Highly_Fatal_And_Damaging,1217
Highly_Fatal_And_Damaging,1226
Highly_Fatal_And_Damaging,1227
Highly_Fatal_And_Damaging,1234
Significant_Damage_And_Serious_Injuries,1238
Significant_Damage_And_Serious_Injuries,1240
Minor_Damage_And_Injuries,1242
Significant_Damage_And_Serious_Injuries,1250
Significant_Damage_And_Serious_Injuries,1251
Highly_Fatal_And_Damaging,1256
Highly_Fatal_And_Damaging,1258
Minor_Damage_And_Injuries,1269
Highly_Fatal_And_Damaging,1270
Highly_Fatal_And_Damaging,1271
Minor_Damage_And_Injuries,1272
Minor_Damage_And_Injuries,1279
Significant_Damage_And_Serious_Injuries,1282
Significant_Damage_And_Fatalities,1284
Minor_Damage_And_Injuries,1285
Significant_Damage_And_Serious_Injuries,1286
Highly_Fatal_And_Damaging,1294
Significant_Damage_And_Serious_Injuries,1305
Highly_Fatal_And_Damaging,1310
Significant_Damage_And_Fatalities,1312
Highly_Fatal_And_Damaging,1325
Significant_Damage_And_Fatalities,1333
Significant_Damage_And_Fatalities,1343
Significant_Damage_And_Fatalities,1347
Significant_Damage_And_Fatalities,1348
Highly_Fatal_And_Damaging,1350
Minor_Damage_And_Injuries,1355
Significant_Damage_And_Serious_Injuries,1357
Significant_Damage_And_Serious_Injuries,1371
Minor_Damage_And_Injuries,1378
Significant_Damage_And_Serious_Injuries,1393
Significant_Damage_And_Fatalities,1398
Highly_Fatal_And_Damaging,1405
Highly_Fatal_And_Damaging,1406
Significant_Damage_And_Fatalities,1407
Significant_Damage_And_Serious_Injuries,1421
Significant_Damage_And_Serious_Injuries,1431
Highly_Fatal_And_Damaging,1432
Minor_Damage_And_Injuries,1437
Significant_Damage_And_Serious_Injuries,1439
Significant_Damage_And_Serious_Injuries,1440
Significant_Damage_And_Fatalities,1441
Highly_Fatal_And_Damaging,1442
Highly_Fatal_And_Damaging,1448
Minor_Damage_And_Injuries,1450
Minor_Damage_And_Injuries,1453
Significant_Damage_And_Fatalities,1454
Significant_Damage_And_Serious_Injuries,1460
Highly_Fatal_And_Damaging,1461
Highly_Fatal_And_Damaging,1473
Significant_Damage_And_Serious_Injuries,1481
Significant_Damage_And_Fatalities,1488
Significant_Damage_And_Serious_Injuries,1499
Minor_Damage_And_Injuries,1502
Significant_Damage_And_Serious_Injuries,1505
Significant_Damage_And_Fatalities,1511
Significant_Damage_And_Serious_Injuries,1516
Highly_Fatal_And_Damaging,1523
Highly_Fatal_And_Damaging,1527
Minor_Damage_And_Injuries,1560
Significant_Damage_And_Serious_Injuries,1566
Significant_Damage_And_Fatalities,1567
Minor_Damage_And_Injuries,1568
Highly_Fatal_And_Damaging,1569
Significant_Damage_And_Serious_Injuries,1570
Significant_Damage_And_Serious_Injuries,1576
Highly_Fatal_And_Damaging,1589
Significant_Damage_And_Serious_Injuries,1592
Significant_Damage_And_Fatalities,1598
Significant_Damage_And_Serious_Injuries,1599
Highly_Fatal_And_Damaging,1600
Highly_Fatal_And_Damaging,1607
Significant_Damage_And_Fatalities,1608
Minor_Damage_And_Injuries,1611
Significant_Damage_And_Fatalities,1613
Significant_Damage_And_Fatalities,1623
Significant_Damage_And_Fatalities,1647
Minor_Damage_And_Injuries,1649
Significant_Damage_And_Fatalities,1658
Significant_Damage_And_Serious_Injuries,1662
Significant_Damage_And_Fatalities,1668
Minor_Damage_And_Injuries,1676
Highly_Fatal_And_Damaging,1678
Significant_Damage_And_Serious_Injuries,1682
Highly_Fatal_And_Damaging,1690
Minor_Damage_And_Injuries,1701
Highly_Fatal_And_Damaging,1710
Significant_Damage_And_Serious_Injuries,1723
Significant_Damage_And_Fatalities,1725
Highly_Fatal_And_Damaging,1747
Minor_Damage_And_Injuries,1748
Significant_Damage_And_Serious_Injuries,1754
Minor_Damage_And_Injuries,1756
Minor_Damage_And_Injuries,1757
Minor_Damage_And_Injuries,1770
Significant_Damage_And_Serious_Injuries,1774
Significant_Damage_And_Fatalities,1776
Highly_Fatal_And_Damaging,1789
Minor_Damage_And_Injuries,1794
Minor_Damage_And_Injuries,1804
Minor_Damage_And_Injuries,1806
Significant_Damage_And_Serious_Injuries,1807
Significant_Damage_And_Fatalities,1811
Significant_Damage_And_Serious_Injuries,1814
Highly_Fatal_And_Damaging,1826
Significant_Damage_And_Serious_Injuries,1832
Highly_Fatal_And_Damaging,1835
Minor_Damage_And_Injuries,1839
Highly_Fatal_And_Damaging,1840
Highly_Fatal_And_Damaging,1848
Significant_Damage_And_Serious_Injuries,1849
Highly_Fatal_And_Damaging,1850
Significant_Damage_And_Fatalities,1854
Minor_Damage_And_Injuries,1861
Significant_Damage_And_Serious_Injuries,1866
Significant_Damage_And_Serious_Injuries,1868
Highly_Fatal_And_Damaging,1872
Highly_Fatal_And_Damaging,1875
Significant_Damage_And_Fatalities,1877
Significant_Damage_And_Serious_Injuries,1879
Significant_Damage_And_Serious_Injuries,1880
Significant_Damage_And_Serious_Injuries,1892
Highly_Fatal_And_Damaging,1896
Minor_Damage_And_Injuries,1898
Significant_Damage_And_Serious_Injuries,1899
Highly_Fatal_And_Damaging,1903
Highly_Fatal_And_Damaging,1909
Significant_Damage_And_Serious_Injuries,1912
Significant_Damage_And_Serious_Injuries,1920
Significant_Damage_And_Serious_Injuries,1933
Significant_Damage_And_Fatalities,1940
Significant_Damage_And_Serious_Injuries,1941
Minor_Damage_And_Injuries,1944
Significant_Damage_And_Fatalities,1946
Highly_Fatal_And_Damaging,1950
Highly_Fatal_And_Damaging,1955
Minor_Damage_And_Injuries,1957
Significant_Damage_And_Serious_Injuries,1958
Highly_Fatal_And_Damaging,1965
Significant_Damage_And_Serious_Injuries,1971
Significant_Damage_And_Serious_Injuries,1974
Significant_Damage_And_Fatalities,1980
Minor_Damage_And_Injuries,1984
Significant_Damage_And_Fatalities,1990
Significant_Damage_And_Serious_Injuries,1991
Highly_Fatal_And_Damaging,1994
Significant_Damage_And_Fatalities,1997
Significant_Damage_And_Serious_Injuries,2006
Minor_Damage_And_Injuries,2008
Significant_Damage_And_Fatalities,2013
Significant_Damage_And_Serious_Injuries,2015
Significant_Damage_And_Serious_Injuries,2016
Significant_Damage_And_Serious_Injuries,2021
Significant_Damage_And_Serious_Injuries,2023
Highly_Fatal_And_Damaging,2038
Highly_Fatal_And_Damaging,2040
Significant_Damage_And_Serious_Injuries,2048
Minor_Damage_And_Injuries,2063
Significant_Damage_And_Serious_Injuries,2073
Minor_Damage_And_Injuries,2075
Significant_Damage_And_Fatalities,2081
Significant_Damage_And_Fatalities,2082
Significant_Damage_And_Serious_Injuries,2086
Minor_Damage_And_Injuries,2090
Highly_Fatal_And_Damaging,2091
Significant_Damage_And_Fatalities,2094
Minor_Damage_And_Injuries,2096
Significant_Damage_And_Fatalities,2097
Highly_Fatal_And_Damaging,2101
Significant_Damage_And_Fatalities,2103
Significant_Damage_And_Serious_Injuries,2106
Highly_Fatal_And_Damaging,2107
Minor_Damage_And_Injuries,2113
Minor_Damage_And_Injuries,2122
Highly_Fatal_And_Damaging,2123
Highly_Fatal_And_Damaging,2132
Significant_Damage_And_Serious_Injuries,2134
Significant_Damage_And_Serious_Injuries,2141
Significant_Damage_And_Fatalities,2145
Highly_Fatal_And_Damaging,2147
Minor_Damage_And_Injuries,2149
Highly_Fatal_And_Damaging,2155
Significant_Damage_And_Fatalities,2161
Significant_Damage_And_Serious_Injuries,2177
Highly_Fatal_And_Damaging,2179
Highly_Fatal_And_Damaging,2182
Highly_Fatal_And_Damaging,2192
Highly_Fatal_And_Damaging,2195
Minor_Damage_And_Injuries,2196
Significant_Damage_And_Fatalities,2197
Minor_Damage_And_Injuries,2199
Minor_Damage_And_Injuries,2204
Significant_Damage_And_Serious_Injuries,2206
Minor_Damage_And_Injuries,2212
Significant_Damage_And_Serious_Injuries,2215
Significant_Damage_And_Serious_Injuries,2217
Significant_Damage_And_Fatalities,2220
Minor_Damage_And_Injuries,2222
Highly_Fatal_And_Damaging,2227
Highly_Fatal_And_Damaging,2239
Significant_Damage_And_Fatalities,2241
Highly_Fatal_And_Damaging,2246
Highly_Fatal_And_Damaging,2254
Significant_Damage_And_Serious_Injuries,2255
Significant_Damage_And_Serious_Injuries,2259
Significant_Damage_And_Fatalities,2263
Minor_Damage_And_Injuries,2264
Significant_Damage_And_Serious_Injuries,2269
Highly_Fatal_And_Damaging,2281
Significant_Damage_And_Fatalities,2284
Significant_Damage_And_Serious_Injuries,2285
Significant_Damage_And_Serious_Injuries,2292
Highly_Fatal_And_Damaging,2293
Minor_Damage_And_Injuries,2299
Minor_Damage_And_Injuries,2301
Significant_Damage_And_Fatalities,2302
Significant_Damage_And_Fatalities,2303
Minor_Damage_And_Injuries,2307
Significant_Damage_And_Serious_Injuries,2315
Minor_Damage_And_Injuries,2316
Minor_Damage_And_Injuries,2317
Minor_Damage_And_Injuries,2320
Significant_Damage_And_Fatalities,2322
Minor_Damage_And_Injuries,2334
Significant_Damage_And_Serious_Injuries,2336
Significant_Damage_And_Serious_Injuries,2342
Minor_Damage_And_Injuries,2343
Minor_Damage_And_Injuries,2349
Significant_Damage_And_Serious_Injuries,2354
Minor_Damage_And_Injuries,2357
Significant_Damage_And_Serious_Injuries,2364
Significant_Damage_And_Fatalities,2370
Highly_Fatal_And_Damaging,2379
Minor_Damage_And_Injuries,2389
Significant_Damage_And_Serious_Injuries,2400
Minor_Damage_And_Injuries,2402
Significant_Damage_And_Serious_Injuries,2406
Significant_Damage_And_Serious_Injuries,2427
Minor_Damage_And_Injuries,2429
Minor_Damage_And_Injuries,2435
Significant_Damage_And_Fatalities,2438
Minor_Damage_And_Injuries,2439
Minor_Damage_And_Injuries,2449
Highly_Fatal_And_Damaging,2454
Minor_Damage_And_Injuries,2455
Minor_Damage_And_Injuries,2462
Significant_Damage_And_Fatalities,2471
Significant_Damage_And_Serious_Injuries,2472
Significant_Damage_And_Serious_Injuries,2475
Highly_Fatal_And_Damaging,2476
Significant_Damage_And_Fatalities,2483
Minor_Damage_And_Injuries,2485
Minor_Damage_And_Injuries,2488
Minor_Damage_And_Injuries,2492
Significant_Damage_And_Fatalities,2494
Minor_Damage_And_Injuries,2504
Significant_Damage_And_Serious_Injuries,2510
Highly_Fatal_And_Damaging,2516
Significant_Damage_And_Fatalities,2517
Minor_Damage_And_Injuries,2519
Significant_Damage_And_Serious_Injuries,2527
Minor_Damage_And_Injuries,2529
Highly_Fatal_And_Damaging,2540
Significant_Damage_And_Fatalities,2546
Minor_Damage_And_Injuries,2553
Minor_Damage_And_Injuries,2554
Highly_Fatal_And_Damaging,2558
Minor_Damage_And_Injuries,2572
Minor_Damage_And_Injuries,2585
Highly_Fatal_And_Damaging,2587
Highly_Fatal_And_Damaging,2597
Minor_Damage_And_Injuries,2599
Significant_Damage_And_Fatalities,2600
Highly_Fatal_And_Damaging,2601
Significant_Damage_And_Serious_Injuries,2608
Significant_Damage_And_Serious_Injuries,2613
Minor_Damage_And_Injuries,2616
Highly_Fatal_And_Damaging,2619
Minor_Damage_And_Injuries,2620
Highly_Fatal_And_Damaging,2621
Minor_Damage_And_Injuries,2622
Minor_Damage_And_Injuries,2623
Significant_Damage_And_Serious_Injuries,2634
Minor_Damage_And_Injuries,2636
Minor_Damage_And_Injuries,2640
Highly_Fatal_And_Damaging,2643
Significant_Damage_And_Serious_Injuries,2646
Highly_Fatal_And_Damaging,2651
Highly_Fatal_And_Damaging,2653
Significant_Damage_And_Serious_Injuries,2654
Highly_Fatal_And_Damaging,2657
Highly_Fatal_And_Damaging,2658
Minor_Damage_And_Injuries,2664
Minor_Damage_And_Injuries,2667
Significant_Damage_And_Fatalities,2668
Minor_Damage_And_Injuries,2680
Significant_Damage_And_Serious_Injuries,2682
Significant_Damage_And_Serious_Injuries,2692
Minor_Damage_And_Injuries,2693
Significant_Damage_And_Fatalities,2695
Minor_Damage_And_Injuries,2697
Highly_Fatal_And_Damaging,2698
Highly_Fatal_And_Damaging,2703
Significant_Damage_And_Serious_Injuries,2718
Significant_Damage_And_Fatalities,2728
Significant_Damage_And_Fatalities,2729
Minor_Damage_And_Injuries,2736
Significant_Damage_And_Serious_Injuries,2737
Highly_Fatal_And_Damaging,2738
Minor_Damage_And_Injuries,2739
Highly_Fatal_And_Damaging,2746
Significant_Damage_And_Serious_Injuries,2750
Minor_Damage_And_Injuries,2755
Highly_Fatal_And_Damaging,2764
Significant_Damage_And_Fatalities,2767
Significant_Damage_And_Serious_Injuries,2769
Significant_Damage_And_Serious_Injuries,2772
Minor_Damage_And_Injuries,2777
Significant_Damage_And_Serious_Injuries,2778
Highly_Fatal_And_Damaging,2779
Highly_Fatal_And_Damaging,2780
Significant_Damage_And_Serious_Injuries,2785
Minor_Damage_And_Injuries,2793
Significant_Damage_And_Serious_Injuries,2801
Significant_Damage_And_Serious_Injuries,2814
Highly_Fatal_And_Damaging,2821
Significant_Damage_And_Serious_Injuries,2828
Highly_Fatal_And_Damaging,2834
Significant_Damage_And_Fatalities,2844
Significant_Damage_And_Fatalities,2848
Significant_Damage_And_Fatalities,2850
Minor_Damage_And_Injuries,2852
Minor_Damage_And_Injuries,2860
Significant_Damage_And_Serious_Injuries,2861
Highly_Fatal_And_Damaging,2864
Significant_Damage_And_Serious_Injuries,2868
Significant_Damage_And_Serious_Injuries,2886
Significant_Damage_And_Serious_Injuries,2887
Significant_Damage_And_Serious_Injuries,2890
Highly_Fatal_And_Damaging,2892
Minor_Damage_And_Injuries,2907
Significant_Damage_And_Serious_Injuries,2908
Highly_Fatal_And_Damaging,2909
Highly_Fatal_And_Damaging,2914
Minor_Damage_And_Injuries,2917
Minor_Damage_And_Injuries,2923
Significant_Damage_And_Serious_Injuries,2924
Highly_Fatal_And_Damaging,2934
Significant_Damage_And_Fatalities,2937
Minor_Damage_And_Injuries,2945
Significant_Damage_And_Serious_Injuries,2948
Minor_Damage_And_Injuries,2950
Significant_Damage_And_Fatalities,2953
Significant_Damage_And_Serious_Injuries,2955
Significant_Damage_And_Serious_Injuries,2959
Significant_Damage_And_Serious_Injuries,2971
Significant_Damage_And_Serious_Injuries,2974
Significant_Damage_And_Serious_Injuries,2987
Significant_Damage_And_Fatalities,2994
Highly_Fatal_And_Damaging,2995
Significant_Damage_And_Fatalities,3003
Significant_Damage_And_Fatalities,3013
Highly_Fatal_And_Damaging,3014
Minor_Damage_And_Injuries,3015
Significant_Damage_And_Serious_Injuries,3028
Significant_Damage_And_Fatalities,3041
Significant_Damage_And_Fatalities,3053
Minor_Damage_And_Injuries,3057
Significant_Damage_And_Fatalities,3059
Significant_Damage_And_Serious_Injuries,3060
Significant_Damage_And_Fatalities,3069
Minor_Damage_And_Injuries,3071
Highly_Fatal_And_Damaging,3072
Minor_Damage_And_Injuries,3082
Highly_Fatal_And_Damaging,3084
Significant_Damage_And_Serious_Injuries,3086
Highly_Fatal_And_Damaging,3098
Highly_Fatal_And_Damaging,3100
Minor_Damage_And_Injuries,3102
Minor_Damage_And_Injuries,3110
Minor_Damage_And_Injuries,3111
Significant_Damage_And_Serious_Injuries,3118
Significant_Damage_And_Serious_Injuries,3119
Minor_Damage_And_Injuries,3125
Minor_Damage_And_Injuries,3133
Highly_Fatal_And_Damaging,3136
Minor_Damage_And_Injuries,3141
Minor_Damage_And_Injuries,3149
Significant_Damage_And_Fatalities,3150
Significant_Damage_And_Fatalities,3155
Significant_Damage_And_Fatalities,3156
Minor_Damage_And_Injuries,3160
Significant_Damage_And_Serious_Injuries,3163
Significant_Damage_And_Serious_Injuries,3175
Significant_Damage_And_Serious_Injuries,3180
Minor_Damage_And_Injuries,3188
Significant_Damage_And_Serious_Injuries,3192
Highly_Fatal_And_Damaging,3193
Significant_Damage_And_Fatalities,3197
Significant_Damage_And_Serious_Injuries,3201
Minor_Damage_And_Injuries,3204
Significant_Damage_And_Fatalities,3206
Significant_Damage_And_Serious_Injuries,3210
Highly_Fatal_And_Damaging,3212
Significant_Damage_And_Serious_Injuries,3216
Highly_Fatal_And_Damaging,3239
Highly_Fatal_And_Damaging,3240
Highly_Fatal_And_Damaging,3246
Significant_Damage_And_Fatalities,3247
Significant_Damage_And_Fatalities,3252
Highly_Fatal_And_Damaging,3259
Highly_Fatal_And_Damaging,3262
Significant_Damage_And_Serious_Injuries,3264
Significant_Damage_And_Serious_Injuries,3275
Significant_Damage_And_Fatalities,3280
Highly_Fatal_And_Damaging,3282
Minor_Damage_And_Injuries,3289
Highly_Fatal_And_Damaging,3294
Minor_Damage_And_Injuries,3297
Minor_Damage_And_Injuries,3299
Significant_Damage_And_Fatalities,3302
Significant_Damage_And_Serious_Injuries,3308
Highly_Fatal_And_Damaging,3311
Significant_Damage_And_Fatalities,3315
Minor_Damage_And_Injuries,3317
Highly_Fatal_And_Damaging,3319
Significant_Damage_And_Serious_Injuries,3326
Significant_Damage_And_Serious_Injuries,3330
Highly_Fatal_And_Damaging,3331
Minor_Damage_And_Injuries,3333
Significant_Damage_And_Fatalities,3337
Significant_Damage_And_Serious_Injuries,3344
Minor_Damage_And_Injuries,3359
Highly_Fatal_And_Damaging,3369
Highly_Fatal_And_Damaging,3372
Significant_Damage_And_Serious_Injuries,3373
Highly_Fatal_And_Damaging,3374
Significant_Damage_And_Fatalities,3384
Significant_Damage_And_Fatalities,3385
Highly_Fatal_And_Damaging,3395
Highly_Fatal_And_Damaging,3399
Minor_Damage_And_Injuries,3401
Significant_Damage_And_Fatalities,3406
Highly_Fatal_And_Damaging,3410
Highly_Fatal_And_Damaging,3420
Significant_Damage_And_Serious_Injuries,3422
Significant_Damage_And_Fatalities,3428
Highly_Fatal_And_Damaging,3431
Significant_Damage_And_Serious_Injuries,3434
Minor_Damage_And_Injuries,3436
Significant_Damage_And_Serious_Injuries,3440
Significant_Damage_And_Serious_Injuries,3443
Minor_Damage_And_Injuries,3451
Significant_Damage_And_Serious_Injuries,3454
Significant_Damage_And_Fatalities,3455
Significant_Damage_And_Fatalities,3456
Significant_Damage_And_Fatalities,3462
Minor_Damage_And_Injuries,3463
Minor_Damage_And_Injuries,3464
Highly_Fatal_And_Damaging,3470
Highly_Fatal_And_Damaging,3477
Significant_Damage_And_Serious_Injuries,3485
Minor_Damage_And_Injuries,3486
Highly_Fatal_And_Damaging,3489
Minor_Damage_And_Injuries,3490
Significant_Damage_And_Serious_Injuries,3501
Significant_Damage_And_Fatalities,3503
Minor_Damage_And_Injuries,3510
Significant_Damage_And_Fatalities,3517
Minor_Damage_And_Injuries,3518
Minor_Damage_And_Injuries,3525
Significant_Damage_And_Serious_Injuries,3526
Minor_Damage_And_Injuries,3530
Minor_Damage_And_Injuries,3532
Significant_Damage_And_Serious_Injuries,3546
Minor_Damage_And_Injuries,3548
Significant_Damage_And_Serious_Injuries,3568
Minor_Damage_And_Injuries,3571
Highly_Fatal_And_Damaging,3573
Minor_Damage_And_Injuries,3577
Significant_Damage_And_Serious_Injuries,3587
Highly_Fatal_And_Damaging,3596
Highly_Fatal_And_Damaging,3604
Significant_Damage_And_Serious_Injuries,3606
Highly_Fatal_And_Damaging,3613
Significant_Damage_And_Fatalities,3620
Minor_Damage_And_Injuries,3632
Minor_Damage_And_Injuries,3638
Highly_Fatal_And_Damaging,3640
Significant_Damage_And_Fatalities,3643
Minor_Damage_And_Injuries,3644
Highly_Fatal_And_Damaging,3645
Minor_Damage_And_Injuries,3648
Significant_Damage_And_Serious_Injuries,3657
Highly_Fatal_And_Damaging,3665
Minor_Damage_And_Injuries,3670
Significant_Damage_And_Fatalities,3674
Significant_Damage_And_Serious_Injuries,3686
Highly_Fatal_And_Damaging,3687
Minor_Damage_And_Injuries,3692
Highly_Fatal_And_Damaging,3694
Minor_Damage_And_Injuries,3698
Significant_Damage_And_Fatalities,3701
Minor_Damage_And_Injuries,3725
Significant_Damage_And_Fatalities,3728
Highly_Fatal_And_Damaging,3729
Minor_Damage_And_Injuries,3733
Significant_Damage_And_Serious_Injuries,3743
Significant_Damage_And_Serious_Injuries,3746
Significant_Damage_And_Serious_Injuries,3747
Significant_Damage_And_Serious_Injuries,3748
Highly_Fatal_And_Damaging,3749
Significant_Damage_And_Fatalities,3752
Significant_Damage_And_Fatalities,3760
Significant_Damage_And_Fatalities,3761
Significant_Damage_And_Serious_Injuries,3762
Significant_Damage_And_Serious_Injuries,3765
Minor_Damage_And_Injuries,3767
Significant_Damage_And_Serious_Injuries,3775
Significant_Damage_And_Serious_Injuries,3780
Significant_Damage_And_Serious_Injuries,3790
Minor_Damage_And_Injuries,3794
Minor_Damage_And_Injuries,3795
Minor_Damage_And_Injuries,3806
Minor_Damage_And_Injuries,3807
Highly_Fatal_And_Damaging,3809
Significant_Damage_And_Serious_Injuries,3810
Highly_Fatal_And_Damaging,3811
Highly_Fatal_And_Damaging,3812
Significant_Damage_And_Serious_Injuries,3818
Minor_Damage_And_Injuries,3820
Significant_Damage_And_Serious_Injuries,3821
Significant_Damage_And_Serious_Injuries,3827
Minor_Damage_And_Injuries,3835
Highly_Fatal_And_Damaging,3836
Highly_Fatal_And_Damaging,3839
Significant_Damage_And_Fatalities,3841
Highly_Fatal_And_Damaging,3842
Significant_Damage_And_Fatalities,3845
Minor_Damage_And_Injuries,3854
Significant_Damage_And_Fatalities,3855
Significant_Damage_And_Serious_Injuries,3856
Minor_Damage_And_Injuries,3863
Significant_Damage_And_Serious_Injuries,3865
Highly_Fatal_And_Damaging,3878
Significant_Damage_And_Fatalities,3887
Significant_Damage_And_Fatalities,3888
Highly_Fatal_And_Damaging,3889
Highly_Fatal_And_Damaging,3892
Significant_Damage_And_Serious_Injuries,3897
Significant_Damage_And_Fatalities,3911
Highly_Fatal_And_Damaging,3912
Significant_Damage_And_Fatalities,3914
Significant_Damage_And_Serious_Injuries,3928
Significant_Damage_And_Serious_Injuries,3929
Minor_Damage_And_Injuries,3933
Significant_Damage_And_Serious_Injuries,3941
Significant_Damage_And_Fatalities,3943
Significant_Damage_And_Fatalities,3954
Significant_Damage_And_Fatalities,3960
Minor_Damage_And_Injuries,3962
Highly_Fatal_And_Damaging,3965
Highly_Fatal_And_Damaging,3967
Significant_Damage_And_Serious_Injuries,3968
Significant_Damage_And_Fatalities,3980
Significant_Damage_And_Serious_Injuries,3987
Minor_Damage_And_Injuries,3989
Minor_Damage_And_Injuries,3990
Significant_Damage_And_Fatalities,3997
Minor_Damage_And_Injuries,4000
Minor_Damage_And_Injuries,4002
Highly_Fatal_And_Damaging,4006
Minor_Damage_And_Injuries,4007
Significant_Damage_And_Fatalities,4019
Minor_Damage_And_Injuries,4024
Significant_Damage_And_Fatalities,4026
Highly_Fatal_And_Damaging,4027
Highly_Fatal_And_Damaging,4032
Significant_Damage_And_Serious_Injuries,4039
Significant_Damage_And_Fatalities,4040
Significant_Damage_And_Serious_Injuries,4047
Significant_Damage_And_Serious_Injuries,4048
Highly_Fatal_And_Damaging,4049
Highly_Fatal_And_Damaging,4050
Highly_Fatal_And_Damaging,4061
Significant_Damage_And_Fatalities,4062
Significant_Damage_And_Serious_Injuries,4063
Significant_Damage_And_Serious_Injuries,4070
Minor_Damage_And_Injuries,4090
Highly_Fatal_And_Damaging,4094
Significant_Damage_And_Serious_Injuries,4098
Minor_Damage_And_Injuries,4099
Highly_Fatal_And_Damaging,4100
Significant_Damage_And_Serious_Injuries,4108
Significant_Damage_And_Fatalities,4120
Significant_Damage_And_Fatalities,4129
Highly_Fatal_And_Damaging,4133
Minor_Damage_And_Injuries,4134
Highly_Fatal_And_Damaging,4136
Significant_Damage_And_Serious_Injuries,4139
Minor_Damage_And_Injuries,4148
Significant_Damage_And_Serious_Injuries,4152
Minor_Damage_And_Injuries,4153
Minor_Damage_And_Injuries,4157
Highly_Fatal_And_Damaging,4162
Significant_Damage_And_Fatalities,4169
Significant_Damage_And_Serious_Injuries,4176
Significant_Damage_And_Fatalities,4181
Significant_Damage_And_Serious_Injuries,4189
Significant_Damage_And_Serious_Injuries,4192
Significant_Damage_And_Serious_Injuries,4198
Highly_Fatal_And_Damaging,4207
Significant_Damage_And_Serious_Injuries,4208
Minor_Damage_And_Injuries,4211
Highly_Fatal_And_Damaging,4218
Significant_Damage_And_Serious_Injuries,4223
Highly_Fatal_And_Damaging,4232
Minor_Damage_And_Injuries,4234
Highly_Fatal_And_Damaging,4246
Significant_Damage_And_Serious_Injuries,4253
Significant_Damage_And_Fatalities,4254
Significant_Damage_And_Serious_Injuries,4255
Significant_Damage_And_Serious_Injuries,4260
Highly_Fatal_And_Damaging,4267
Minor_Damage_And_Injuries,4274
Significant_Damage_And_Serious_Injuries,4275
Highly_Fatal_And_Damaging,4278
Significant_Damage_And_Serious_Injuries,4281
Minor_Damage_And_Injuries,4293
Highly_Fatal_And_Damaging,4294
Significant_Damage_And_Serious_Injuries,4300
Minor_Damage_And_Injuries,4307
Minor_Damage_And_Injuries,4310
Minor_Damage_And_Injuries,4311
Significant_Damage_And_Fatalities,4315
Highly_Fatal_And_Damaging,4330
Highly_Fatal_And_Damaging,4333
Highly_Fatal_And_Damaging,4340
Significant_Damage_And_Fatalities,4352
Significant_Damage_And_Serious_Injuries,4360
Significant_Damage_And_Serious_Injuries,4365
Highly_Fatal_And_Damaging,4367
Minor_Damage_And_Injuries,4376
Significant_Damage_And_Serious_Injuries,4378
Minor_Damage_And_Injuries,4385
Significant_Damage_And_Serious_Injuries,4405
Significant_Damage_And_Serious_Injuries,4413
Minor_Damage_And_Injuries,4414
Highly_Fatal_And_Damaging,4426
Significant_Damage_And_Fatalities,4430
Highly_Fatal_And_Damaging,4431
Minor_Damage_And_Injuries,4438
Significant_Damage_And_Fatalities,4439
Minor_Damage_And_Injuries,4441
Highly_Fatal_And_Damaging,4443
Minor_Damage_And_Injuries,4449
Significant_Damage_And_Serious_Injuries,4453
Significant_Damage_And_Fatalities,4456
Significant_Damage_And_Serious_Injuries,4457
Significant_Damage_And_Serious_Injuries,4459
Highly_Fatal_And_Damaging,4461
Significant_Damage_And_Fatalities,4464
Significant_Damage_And_Fatalities,4468
Significant_Damage_And_Serious_Injuries,4476
Significant_Damage_And_Fatalities,4480
Significant_Damage_And_Fatalities,4482
Minor_Damage_And_Injuries,4491
Highly_Fatal_And_Damaging,4493
Highly_Fatal_And_Damaging,4494
Significant_Damage_And_Serious_Injuries,4495
Significant_Damage_And_Serious_Injuries,4496
Highly_Fatal_And_Damaging,4503
Minor_Damage_And_Injuries,4505
Significant_Damage_And_Serious_Injuries,4506
Highly_Fatal_And_Damaging,4512
Minor_Damage_And_Injuries,4516
Highly_Fatal_And_Damaging,4518
Significant_Damage_And_Serious_Injuries,4521
Highly_Fatal_And_Damaging,4522
Minor_Damage_And_Injuries,4529
Significant_Damage_And_Serious_Injuries,4530
Significant_Damage_And_Serious_Injuries,4536
Minor_Damage_And_Injuries,4539
Significant_Damage_And_Fatalities,4543
Significant_Damage_And_Serious_Injuries,4546
Significant_Damage_And_Serious_Injuries,4547
Minor_Damage_And_Injuries,4550
Minor_Damage_And_Injuries,4564
Highly_Fatal_And_Damaging,4571
Significant_Damage_And_Serious_Injuries,4583
Highly_Fatal_And_Damaging,4592
Significant_Damage_And_Fatalities,4594
Minor_Damage_And_Injuries,4597
Significant_Damage_And_Serious_Injuries,4598
Significant_Damage_And_Serious_Injuries,4614
Minor_Damage_And_Injuries,4617
Minor_Damage_And_Injuries,4621
Highly_Fatal_And_Damaging,4630
Significant_Damage_And_Serious_Injuries,4634
Significant_Damage_And_Fatalities,4638
Significant_Damage_And_Serious_Injuries,4639
Highly_Fatal_And_Damaging,4645
Minor_Damage_And_Injuries,4650
Significant_Damage_And_Serious_Injuries,4651
Highly_Fatal_And_Damaging,4654
Highly_Fatal_And_Damaging,4656
Significant_Damage_And_Serious_Injuries,4660
Highly_Fatal_And_Damaging,4665
Significant_Damage_And_Fatalities,4670
Highly_Fatal_And_Damaging,4671
Significant_Damage_And_Fatalities,4679
Minor_Damage_And_Injuries,4682
Highly_Fatal_And_Damaging,4684
Minor_Damage_And_Injuries,4688
Highly_Fatal_And_Damaging,4693
Highly_Fatal_And_Damaging,4712
Minor_Damage_And_Injuries,4714
Minor_Damage_And_Injuries,4721
Minor_Damage_And_Injuries,4722
Highly_Fatal_And_Damaging,4724
Minor_Damage_And_Injuries,4726
Highly_Fatal_And_Damaging,4728
Highly_Fatal_And_Damaging,4730
Highly_Fatal_And_Damaging,4735
Significant_Damage_And_Serious_Injuries,4741
Significant_Damage_And_Serious_Injuries,4742
Significant_Damage_And_Serious_Injuries,4744
Significant_Damage_And_Serious_Injuries,4746
Significant_Damage_And_Serious_Injuries,4757
Minor_Damage_And_Injuries,4761
Highly_Fatal_And_Damaging,4770
Minor_Damage_And_Injuries,4772
Significant_Damage_And_Fatalities,4773
Significant_Damage_And_Fatalities,4780
Significant_Damage_And_Serious_Injuries,4783
Significant_Damage_And_Serious_Injuries,4785
Highly_Fatal_And_Damaging,4786
Significant_Damage_And_Fatalities,4787
Highly_Fatal_And_Damaging,4793
Minor_Damage_And_Injuries,4794
Significant_Damage_And_Fatalities,4808
Significant_Damage_And_Serious_Injuries,4811
Minor_Damage_And_Injuries,4831
Significant_Damage_And_Serious_Injuries,4832
Significant_Damage_And_Serious_Injuries,4836
Significant_Damage_And_Fatalities,4839
Minor_Damage_And_Injuries,4842
Minor_Damage_And_Injuries,4846
Significant_Damage_And_Serious_Injuries,4855
Highly_Fatal_And_Damaging,4856
Significant_Damage_And_Serious_Injuries,4859
Minor_Damage_And_Injuries,4862
Highly_Fatal_And_Damaging,4869
Significant_Damage_And_Fatalities,4877
Significant_Damage_And_Serious_Injuries,4878
Significant_Damage_And_Serious_Injuries,4887
Highly_Fatal_And_Damaging,4892
Highly_Fatal_And_Damaging,4913
Significant_Damage_And_Fatalities,4914
Minor_Damage_And_Injuries,4926
Significant_Damage_And_Fatalities,4940
Highly_Fatal_And_Damaging,4944
Minor_Damage_And_Injuries,4959
Significant_Damage_And_Serious_Injuries,4966
Minor_Damage_And_Injuries,4972
Significant_Damage_And_Fatalities,4978
Minor_Damage_And_Injuries,4981
Highly_Fatal_And_Damaging,4985
Minor_Damage_And_Injuries,4992
Significant_Damage_And_Serious_Injuries,4998
Minor_Damage_And_Injuries,5000
Significant_Damage_And_Serious_Injuries,5001
Highly_Fatal_And_Damaging,5004
Minor_Damage_And_Injuries,5005
Significant_Damage_And_Serious_Injuries,5016
Minor_Damage_And_Injuries,5020
Minor_Damage_And_Injuries,5021
Highly_Fatal_And_Damaging,5041
Significant_Damage_And_Serious_Injuries,5045
Highly_Fatal_And_Damaging,5052
Significant_Damage_And_Fatalities,5063
Significant_Damage_And_Fatalities,5072
Significant_Damage_And_Fatalities,5074
Highly_Fatal_And_Damaging,5080
Highly_Fatal_And_Damaging,5087
Minor_Damage_And_Injuries,5094
Significant_Damage_And_Serious_Injuries,5099
Significant_Damage_And_Serious_Injuries,5100
Highly_Fatal_And_Damaging,5109
Significant_Damage_And_Fatalities,5111
Significant_Damage_And_Fatalities,5115
Significant_Damage_And_Serious_Injuries,5117
Minor_Damage_And_Injuries,5119
Significant_Damage_And_Serious_Injuries,5125
Significant_Damage_And_Serious_Injuries,5126
Significant_Damage_And_Fatalities,5127
Minor_Damage_And_Injuries,5142
Significant_Damage_And_Serious_Injuries,5149
Minor_Damage_And_Injuries,5160
Significant_Damage_And_Fatalities,5163
Significant_Damage_And_Serious_Injuries,5170
Significant_Damage_And_Serious_Injuries,5175
Highly_Fatal_And_Damaging,5184
Highly_Fatal_And_Damaging,5187
Highly_Fatal_And_Damaging,5189
Minor_Damage_And_Injuries,5200
Significant_Damage_And_Fatalities,5202
Highly_Fatal_And_Damaging,5203
Significant_Damage_And_Fatalities,5206
Significant_Damage_And_Serious_Injuries,5218
Significant_Damage_And_Serious_Injuries,5224
Highly_Fatal_And_Damaging,5226
Minor_Damage_And_Injuries,5230
Minor_Damage_And_Injuries,5231
Minor_Damage_And_Injuries,5232
Significant_Damage_And_Fatalities,5234
Significant_Damage_And_Serious_Injuries,5239
Significant_Damage_And_Serious_Injuries,5244
Highly_Fatal_And_Damaging,5245
Highly_Fatal_And_Damaging,5246
Significant_Damage_And_Serious_Injuries,5253
Minor_Damage_And_Injuries,5262
Highly_Fatal_And_Damaging,5268
Minor_Damage_And_Injuries,5271
Minor_Damage_And_Injuries,5275
Highly_Fatal_And_Damaging,5277
Highly_Fatal_And_Damaging,5278
Significant_Damage_And_Fatalities,5283
Highly_Fatal_And_Damaging,5284
Minor_Damage_And_Injuries,5285
Significant_Damage_And_Fatalities,5288
Minor_Damage_And_Injuries,5329
Highly_Fatal_And_Damaging,5336
Minor_Damage_And_Injuries,5339
Significant_Damage_And_Serious_Injuries,5340
Significant_Damage_And_Fatalities,5342
Significant_Damage_And_Serious_Injuries,5350
Highly_Fatal_And_Damaging,5359
Highly_Fatal_And_Damaging,5376
Significant_Damage_And_Fatalities,5387
Highly_Fatal_And_Damaging,5399
Minor_Damage_And_Injuries,5401
Minor_Damage_And_Injuries,5423
Highly_Fatal_And_Damaging,5425
Highly_Fatal_And_Damaging,5433
Minor_Damage_And_Injuries,5445
Highly_Fatal_And_Damaging,5451
Minor_Damage_And_Injuries,5452
Highly_Fatal_And_Damaging,5461
Significant_Damage_And_Serious_Injuries,5464
Minor_Damage_And_Injuries,5465
Minor_Damage_And_Injuries,5466
Significant_Damage_And_Serious_Injuries,5471
Significant_Damage_And_Serious_Injuries,5481
Minor_Damage_And_Injuries,5482
Significant_Damage_And_Fatalities,5485
Highly_Fatal_And_Damaging,5489
Significant_Damage_And_Fatalities,5497
Minor_Damage_And_Injuries,5505
Highly_Fatal_And_Damaging,5508
Significant_Damage_And_Serious_Injuries,5510
Highly_Fatal_And_Damaging,5519
Highly_Fatal_And_Damaging,5531
Highly_Fatal_And_Damaging,5536
Significant_Damage_And_Fatalities,5537
Highly_Fatal_And_Damaging,5538
Significant_Damage_And_Fatalities,5547
Highly_Fatal_And_Damaging,5554
Significant_Damage_And_Fatalities,5561
Highly_Fatal_And_Damaging,5563
Minor_Damage_And_Injuries,5568
Minor_Damage_And_Injuries,5573
Highly_Fatal_And_Damaging,5579
Significant_Damage_And_Serious_Injuries,5583
Highly_Fatal_And_Damaging,5584
Minor_Damage_And_Injuries,5586
Highly_Fatal_And_Damaging,5589
Highly_Fatal_And_Damaging,5595
Highly_Fatal_And_Damaging,5601
Significant_Damage_And_Fatalities,5603
Highly_Fatal_And_Damaging,5610
Significant_Damage_And_Serious_Injuries,5618
Minor_Damage_And_Injuries,5622
Highly_Fatal_And_Damaging,5623
Highly_Fatal_And_Damaging,5625
Significant_Damage_And_Fatalities,5630
Significant_Damage_And_Serious_Injuries,5637
Significant_Damage_And_Fatalities,5640
Significant_Damage_And_Serious_Injuries,5642
Significant_Damage_And_Fatalities,5643
Significant_Damage_And_Fatalities,5648
Highly_Fatal_And_Damaging,5653
Significant_Damage_And_Serious_Injuries,5656
Highly_Fatal_And_Damaging,5666
Minor_Damage_And_Injuries,5676
Significant_Damage_And_Serious_Injuries,5680
Minor_Damage_And_Injuries,5690
Highly_Fatal_And_Damaging,5700
Highly_Fatal_And_Damaging,5702
Minor_Damage_And_Injuries,5708
Minor_Damage_And_Injuries,5709
Highly_Fatal_And_Damaging,5714
Highly_Fatal_And_Damaging,5723
Significant_Damage_And_Serious_Injuries,5729
Significant_Damage_And_Fatalities,5736
Minor_Damage_And_Injuries,5744
Minor_Damage_And_Injuries,5750
Highly_Fatal_And_Damaging,5751
Significant_Damage_And_Fatalities,5752
Significant_Damage_And_Serious_Injuries,5753
Significant_Damage_And_Fatalities,5757
Minor_Damage_And_Injuries,5760
Highly_Fatal_And_Damaging,5768
Significant_Damage_And_Fatalities,5772
Significant_Damage_And_Fatalities,5788
Significant_Damage_And_Fatalities,5795
Highly_Fatal_And_Damaging,5800
Highly_Fatal_And_Damaging,5806
Highly_Fatal_And_Damaging,5809
Significant_Damage_And_Fatalities,5810
Highly_Fatal_And_Damaging,5819
Highly_Fatal_And_Damaging,5822
Significant_Damage_And_Serious_Injuries,5826
Highly_Fatal_And_Damaging,5829
Highly_Fatal_And_Damaging,5831
Significant_Damage_And_Serious_Injuries,5833
Minor_Damage_And_Injuries,5837
Highly_Fatal_And_Damaging,5840
Highly_Fatal_And_Damaging,5848
Significant_Damage_And_Serious_Injuries,5852
Highly_Fatal_And_Damaging,5868
Highly_Fatal_And_Damaging,5874
Highly_Fatal_And_Damaging,5876
Minor_Damage_And_Injuries,5883
Minor_Damage_And_Injuries,5888
Significant_Damage_And_Serious_Injuries,5889
Highly_Fatal_And_Damaging,5898
Significant_Damage_And_Fatalities,5899
Significant_Damage_And_Serious_Injuries,5903
Highly_Fatal_And_Damaging,5906
Minor_Damage_And_Injuries,5907
Significant_Damage_And_Fatalities,5914
Significant_Damage_And_Fatalities,5919
Highly_Fatal_And_Damaging,5928
Significant_Damage_And_Serious_Injuries,5930
Highly_Fatal_And_Damaging,5936
Highly_Fatal_And_Damaging,5948
Significant_Damage_And_Fatalities,5950
Highly_Fatal_And_Damaging,5951
Significant_Damage_And_Fatalities,5954
Highly_Fatal_And_Damaging,5958
Highly_Fatal_And_Damaging,5964
Significant_Damage_And_Fatalities,5972
Highly_Fatal_And_Damaging,5979
Significant_Damage_And_Fatalities,5983
Highly_Fatal_And_Damaging,5984
Highly_Fatal_And_Damaging,5993
Minor_Damage_And_Injuries,5997
Significant_Damage_And_Fatalities,6006
Significant_Damage_And_Fatalities,6014
Highly_Fatal_And_Damaging,6018
Significant_Damage_And_Fatalities,6019
Significant_Damage_And_Serious_Injuries,6020
Significant_Damage_And_Fatalities,6023
Minor_Damage_And_Injuries,6026
Significant_Damage_And_Fatalities,6030
Minor_Damage_And_Injuries,6036
Significant_Damage_And_Serious_Injuries,6041
Minor_Damage_And_Injuries,6042
Minor_Damage_And_Injuries,6044
Highly_Fatal_And_Damaging,6053
Highly_Fatal_And_Damaging,6055
Significant_Damage_And_Serious_Injuries,6056
Significant_Damage_And_Serious_Injuries,6063
Significant_Damage_And_Serious_Injuries,6064
Significant_Damage_And_Fatalities,6072
Significant_Damage_And_Serious_Injuries,6074
Significant_Damage_And_Serious_Injuries,6075
Significant_Damage_And_Serious_Injuries,6078
Significant_Damage_And_Serious_Injuries,6080
Highly_Fatal_And_Damaging,6081
Significant_Damage_And_Fatalities,6082
Significant_Damage_And_Serious_Injuries,6085
Significant_Damage_And_Fatalities,6095
Significant_Damage_And_Serious_Injuries,6098
Minor_Damage_And_Injuries,6104
Highly_Fatal_And_Damaging,6113
Highly_Fatal_And_Damaging,6114
Significant_Damage_And_Serious_Injuries,6120
Significant_Damage_And_Serious_Injuries,6121
Highly_Fatal_And_Damaging,6122
Highly_Fatal_And_Damaging,6125
Minor_Damage_And_Injuries,6137
Minor_Damage_And_Injuries,6139
Significant_Damage_And_Fatalities,6147
Highly_Fatal_And_Damaging,6150
Minor_Damage_And_Injuries,6157
Highly_Fatal_And_Damaging,6162
Significant_Damage_And_Fatalities,6167
Minor_Damage_And_Injuries,6170
Significant_Damage_And_Serious_Injuries,6178
Significant_Damage_And_Fatalities,6185
Minor_Damage_And_Injuries,6187
Minor_Damage_And_Injuries,6188
Significant_Damage_And_Serious_Injuries,6189
Significant_Damage_And_Fatalities,6190
Significant_Damage_And_Serious_Injuries,6204
Highly_Fatal_And_Damaging,6206
Highly_Fatal_And_Damaging,6208
Highly_Fatal_And_Damaging,6212
Significant_Damage_And_Fatalities,6215
Significant_Damage_And_Serious_Injuries,6221
Minor_Damage_And_Injuries,6234
Minor_Damage_And_Injuries,6240
Highly_Fatal_And_Damaging,6241
Significant_Damage_And_Fatalities,6242
Highly_Fatal_And_Damaging,6247
Significant_Damage_And_Serious_Injuries,6250
Minor_Damage_And_Injuries,6255
Significant_Damage_And_Serious_Injuries,6257
Significant_Damage_And_Serious_Injuries,6259
Minor_Damage_And_Injuries,6260
Significant_Damage_And_Serious_Injuries,6261
Highly_Fatal_And_Damaging,6264
Significant_Damage_And_Serious_Injuries,6266
Minor_Damage_And_Injuries,6274
Significant_Damage_And_Serious_Injuries,6277
Highly_Fatal_And_Damaging,6287
Minor_Damage_And_Injuries,6290
Highly_Fatal_And_Damaging,6296
Significant_Damage_And_Serious_Injuries,6301
Highly_Fatal_And_Damaging,6302
Minor_Damage_And_Injuries,6312
Significant_Damage_And_Fatalities,6318
Minor_Damage_And_Injuries,6327
Significant_Damage_And_Fatalities,6328
Significant_Damage_And_Serious_Injuries,6333
Significant_Damage_And_Serious_Injuries,6336
Highly_Fatal_And_Damaging,6338
Highly_Fatal_And_Damaging,6342
Highly_Fatal_And_Damaging,6349
Significant_Damage_And_Fatalities,6358
Significant_Damage_And_Fatalities,6359
Minor_Damage_And_Injuries,6360
Highly_Fatal_And_Damaging,6367
Highly_Fatal_And_Damaging,6377
Highly_Fatal_And_Damaging,6379
Minor_Damage_And_Injuries,6381
Significant_Damage_And_Serious_Injuries,6391
Significant_Damage_And_Fatalities,6400
Highly_Fatal_And_Damaging,6402
Highly_Fatal_And_Damaging,6405
Minor_Damage_And_Injuries,6415
Minor_Damage_And_Injuries,6416
Significant_Damage_And_Serious_Injuries,6420
Highly_Fatal_And_Damaging,6434
Significant_Damage_And_Serious_Injuries,6448
Significant_Damage_And_Serious_Injuries,6451
Highly_Fatal_And_Damaging,6453
Minor_Damage_And_Injuries,6459
Highly_Fatal_And_Damaging,6461
Significant_Damage_And_Serious_Injuries,6467
Highly_Fatal_And_Damaging,6468
Significant_Damage_And_Serious_Injuries,6473
Significant_Damage_And_Fatalities,6484
Significant_Damage_And_Serious_Injuries,6486
Minor_Damage_And_Injuries,6490
Significant_Damage_And_Fatalities,6502
Significant_Damage_And_Fatalities,6503
Significant_Damage_And_Fatalities,6507
Minor_Damage_And_Injuries,6512
Highly_Fatal_And_Damaging,6523
Significant_Damage_And_Fatalities,6528
Significant_Damage_And_Serious_Injuries,6530
Significant_Damage_And_Fatalities,6543
Minor_Damage_And_Injuries,6546
Highly_Fatal_And_Damaging,6548
Significant_Damage_And_Serious_Injuries,6551
Significant_Damage_And_Serious_Injuries,6553
Highly_Fatal_And_Damaging,6562
Significant_Damage_And_Serious_Injuries,6571
Significant_Damage_And_Fatalities,6572
Highly_Fatal_And_Damaging,6579
Significant_Damage_And_Fatalities,6584
Significant_Damage_And_Serious_Injuries,6588
Significant_Damage_And_Serious_Injuries,6596
Highly_Fatal_And_Damaging,6599
Minor_Damage_And_Injuries,6625
Highly_Fatal_And_Damaging,6632
Significant_Damage_And_Fatalities,6641
Minor_Damage_And_Injuries,6651
Minor_Damage_And_Injuries,6654
Minor_Damage_And_Injuries,6657
Minor_Damage_And_Injuries,6665
Highly_Fatal_And_Damaging,6671
Minor_Damage_And_Injuries,6672
Highly_Fatal_And_Damaging,6675
Highly_Fatal_And_Damaging,6676
Significant_Damage_And_Serious_Injuries,6682
Significant_Damage_And_Serious_Injuries,6684
Highly_Fatal_And_Damaging,6692
Highly_Fatal_And_Damaging,6694
Significant_Damage_And_Serious_Injuries,6700
Significant_Damage_And_Fatalities,6723
Significant_Damage_And_Fatalities,6726
Highly_Fatal_And_Damaging,6729
Highly_Fatal_And_Damaging,6734
Significant_Damage_And_Serious_Injuries,6737
Highly_Fatal_And_Damaging,6738
Significant_Damage_And_Serious_Injuries,6745
Minor_Damage_And_Injuries,6747
Minor_Damage_And_Injuries,6750
Significant_Damage_And_Serious_Injuries,6754
Significant_Damage_And_Serious_Injuries,6755
Significant_Damage_And_Fatalities,6761
Highly_Fatal_And_Damaging,6762
Minor_Damage_And_Injuries,6765
Highly_Fatal_And_Damaging,6769
Significant_Damage_And_Serious_Injuries,6785
Minor_Damage_And_Injuries,6788
Minor_Damage_And_Injuries,6793
Significant_Damage_And_Serious_Injuries,6796
Highly_Fatal_And_Damaging,6799
Minor_Damage_And_Injuries,6801
Highly_Fatal_And_Damaging,6807
Significant_Damage_And_Serious_Injuries,6811
Significant_Damage_And_Serious_Injuries,6812
Significant_Damage_And_Serious_Injuries,6815
Significant_Damage_And_Serious_Injuries,6818
Highly_Fatal_And_Damaging,6828
Significant_Damage_And_Serious_Injuries,6832
Significant_Damage_And_Serious_Injuries,6833
Significant_Damage_And_Serious_Injuries,6836
Minor_Damage_And_Injuries,6839
Highly_Fatal_And_Damaging,6842
Significant_Damage_And_Serious_Injuries,6845
Minor_Damage_And_Injuries,6848
Significant_Damage_And_Serious_Injuries,6849
Significant_Damage_And_Serious_Injuries,6850
Significant_Damage_And_Fatalities,6853
Minor_Damage_And_Injuries,6862
Significant_Damage_And_Serious_Injuries,6864
Minor_Damage_And_Injuries,6868
Highly_Fatal_And_Damaging,6872
Minor_Damage_And_Injuries,6892
Minor_Damage_And_Injuries,6895
Significant_Damage_And_Fatalities,6897
Significant_Damage_And_Serious_Injuries,6900
Significant_Damage_And_Serious_Injuries,6904
Significant_Damage_And_Serious_Injuries,6907
Significant_Damage_And_Serious_Injuries,6912
Minor_Damage_And_Injuries,6913
Minor_Damage_And_Injuries,6920
Minor_Damage_And_Injuries,6922
Significant_Damage_And_Serious_Injuries,6924
Significant_Damage_And_Fatalities,6925
Minor_Damage_And_Injuries,6929
Significant_Damage_And_Fatalities,6933
Significant_Damage_And_Serious_Injuries,6938
Minor_Damage_And_Injuries,6939
Minor_Damage_And_Injuries,6945
Significant_Damage_And_Serious_Injuries,6950
Highly_Fatal_And_Damaging,6953
Significant_Damage_And_Serious_Injuries,6957
Significant_Damage_And_Fatalities,6961
Highly_Fatal_And_Damaging,6970
Highly_Fatal_And_Damaging,6975
Significant_Damage_And_Serious_Injuries,6978
Significant_Damage_And_Serious_Injuries,6979
Significant_Damage_And_Serious_Injuries,6981
Significant_Damage_And_Fatalities,6985
Significant_Damage_And_Serious_Injuries,6988
Highly_Fatal_And_Damaging,6989
Minor_Damage_And_Injuries,6996
Significant_Damage_And_Serious_Injuries,7007
Highly_Fatal_And_Damaging,7008
Significant_Damage_And_Serious_Injuries,7016
Minor_Damage_And_Injuries,7021
Significant_Damage_And_Fatalities,7022
Significant_Damage_And_Fatalities,7029
Highly_Fatal_And_Damaging,7035
Highly_Fatal_And_Damaging,7066
Significant_Damage_And_Fatalities,7067
Highly_Fatal_And_Damaging,7068
Highly_Fatal_And_Damaging,7069
Minor_Damage_And_Injuries,7072
Minor_Damage_And_Injuries,7077
Minor_Damage_And_Injuries,7079
Highly_Fatal_And_Damaging,7080
Significant_Damage_And_Serious_Injuries,7090
Minor_Damage_And_Injuries,7091
Highly_Fatal_And_Damaging,7092
Minor_Damage_And_Injuries,7093
Minor_Damage_And_Injuries,7109
Highly_Fatal_And_Damaging,7114
Highly_Fatal_And_Damaging,7118
Highly_Fatal_And_Damaging,7122
Significant_Damage_And_Fatalities,7124
Significant_Damage_And_Serious_Injuries,7126
Highly_Fatal_And_Damaging,7132
Highly_Fatal_And_Damaging,7140
Highly_Fatal_And_Damaging,7154
Highly_Fatal_And_Damaging,7156
Minor_Damage_And_Injuries,7158
Minor_Damage_And_Injuries,7172
Highly_Fatal_And_Damaging,7173
Significant_Damage_And_Serious_Injuries,7174
Minor_Damage_And_Injuries,7176
Highly_Fatal_And_Damaging,7177
Highly_Fatal_And_Damaging,7179
Highly_Fatal_And_Damaging,7181
Minor_Damage_And_Injuries,7182
Minor_Damage_And_Injuries,7191
Minor_Damage_And_Injuries,7194
Highly_Fatal_And_Damaging,7195
Significant_Damage_And_Serious_Injuries,7200
Minor_Damage_And_Injuries,7201
Significant_Damage_And_Fatalities,7205
Minor_Damage_And_Injuries,7208
Significant_Damage_And_Serious_Injuries,7209
Significant_Damage_And_Serious_Injuries,7210
Significant_Damage_And_Serious_Injuries,7212
Significant_Damage_And_Fatalities,7213
Significant_Damage_And_Serious_Injuries,7216
Minor_Damage_And_Injuries,7218
Minor_Damage_And_Injuries,7221
Minor_Damage_And_Injuries,7222
Highly_Fatal_And_Damaging,7223
Significant_Damage_And_Fatalities,7232
Significant_Damage_And_Serious_Injuries,7244
Significant_Damage_And_Fatalities,7253
Highly_Fatal_And_Damaging,7255
Significant_Damage_And_Serious_Injuries,7267
Minor_Damage_And_Injuries,7269
Significant_Damage_And_Serious_Injuries,7279
Highly_Fatal_And_Damaging,7284
Minor_Damage_And_Injuries,7294
Significant_Damage_And_Serious_Injuries,7296
Highly_Fatal_And_Damaging,7298
Significant_Damage_And_Serious_Injuries,7307
Significant_Damage_And_Fatalities,7323
Highly_Fatal_And_Damaging,7333
Significant_Damage_And_Serious_Injuries,7335
Minor_Damage_And_Injuries,7336
Minor_Damage_And_Injuries,7338
Highly_Fatal_And_Damaging,7345
Highly_Fatal_And_Damaging,7346
Minor_Damage_And_Injuries,7348
Significant_Damage_And_Serious_Injuries,7349
Highly_Fatal_And_Damaging,7353
Significant_Damage_And_Serious_Injuries,7354
Significant_Damage_And_Serious_Injuries,7355
Minor_Damage_And_Injuries,7356
Significant_Damage_And_Fatalities,7367
Highly_Fatal_And_Damaging,7370
Minor_Damage_And_Injuries,7375
Significant_Damage_And_Serious_Injuries,7384
Significant_Damage_And_Serious_Injuries,7392
Significant_Damage_And_Fatalities,7394
Highly_Fatal_And_Damaging,7395
Minor_Damage_And_Injuries,7401
Significant_Damage_And_Serious_Injuries,7402
Significant_Damage_And_Fatalities,7407
Minor_Damage_And_Injuries,7420
Significant_Damage_And_Serious_Injuries,7437
Highly_Fatal_And_Damaging,7455
Highly_Fatal_And_Damaging,7460
Significant_Damage_And_Fatalities,7476
Significant_Damage_And_Fatalities,7478
Highly_Fatal_And_Damaging,7484
Minor_Damage_And_Injuries,7491
Significant_Damage_And_Fatalities,7492
Highly_Fatal_And_Damaging,7495
Significant_Damage_And_Serious_Injuries,7503
Highly_Fatal_And_Damaging,7505
Significant_Damage_And_Fatalities,7506
Significant_Damage_And_Serious_Injuries,7508
Significant_Damage_And_Fatalities,7513
Significant_Damage_And_Serious_Injuries,7526
Minor_Damage_And_Injuries,7530
Significant_Damage_And_Serious_Injuries,7534
Highly_Fatal_And_Damaging,7537
Minor_Damage_And_Injuries,7541
Highly_Fatal_And_Damaging,7542
Significant_Damage_And_Fatalities,7548
Significant_Damage_And_Serious_Injuries,7551
Significant_Damage_And_Fatalities,7553
Significant_Damage_And_Serious_Injuries,7554
Significant_Damage_And_Fatalities,7557
Minor_Damage_And_Injuries,7563
Highly_Fatal_And_Damaging,7568
Highly_Fatal_And_Damaging,7581
Minor_Damage_And_Injuries,7582
Minor_Damage_And_Injuries,7587
Highly_Fatal_And_Damaging,7617
Significant_Damage_And_Serious_Injuries,7621
Highly_Fatal_And_Damaging,7623
Significant_Damage_And_Serious_Injuries,7633
Highly_Fatal_And_Damaging,7639
Minor_Damage_And_Injuries,7654
Significant_Damage_And_Fatalities,7660
Significant_Damage_And_Fatalities,7661
Minor_Damage_And_Injuries,7662
Significant_Damage_And_Serious_Injuries,7663
Highly_Fatal_And_Damaging,7664
Significant_Damage_And_Serious_Injuries,7665
Minor_Damage_And_Injuries,7668
Significant_Damage_And_Serious_Injuries,7682
Minor_Damage_And_Injuries,7683
Significant_Damage_And_Serious_Injuries,7684
Minor_Damage_And_Injuries,7687
Highly_Fatal_And_Damaging,7691
Minor_Damage_And_Injuries,7701
Highly_Fatal_And_Damaging,7702
Significant_Damage_And_Fatalities,7705
Significant_Damage_And_Serious_Injuries,7711
Significant_Damage_And_Fatalities,7714
Highly_Fatal_And_Damaging,7716
Highly_Fatal_And_Damaging,7725
Significant_Damage_And_Fatalities,7726
Significant_Damage_And_Fatalities,7732
Highly_Fatal_And_Damaging,7748
Highly_Fatal_And_Damaging,7755
Significant_Damage_And_Serious_Injuries,7759
Significant_Damage_And_Fatalities,7763
Significant_Damage_And_Fatalities,7767
Significant_Damage_And_Serious_Injuries,7769
Minor_Damage_And_Injuries,7781
Significant_Damage_And_Serious_Injuries,7783
Minor_Damage_And_Injuries,7790
Significant_Damage_And_Serious_Injuries,7798
Highly_Fatal_And_Damaging,7810
Significant_Damage_And_Fatalities,7821
Minor_Damage_And_Injuries,7824
Significant_Damage_And_Serious_Injuries,7828
Significant_Damage_And_Serious_Injuries,7838
Highly_Fatal_And_Damaging,7841
Significant_Damage_And_Serious_Injuries,7847
Minor_Damage_And_Injuries,7852
Significant_Damage_And_Serious_Injuries,7854
Minor_Damage_And_Injuries,7857
Significant_Damage_And_Fatalities,7867
Highly_Fatal_And_Damaging,7868
Minor_Damage_And_Injuries,7869
Minor_Damage_And_Injuries,7871
Minor_Damage_And_Injuries,7872
Highly_Fatal_And_Damaging,7885
Significant_Damage_And_Serious_Injuries,7889
Significant_Damage_And_Serious_Injuries,7902
Highly_Fatal_And_Damaging,7917
Highly_Fatal_And_Damaging,7918
Significant_Damage_And_Serious_Injuries,7919
Significant_Damage_And_Serious_Injuries,7926
Significant_Damage_And_Fatalities,7927
Highly_Fatal_And_Damaging,7928
Significant_Damage_And_Serious_Injuries,7947
Significant_Damage_And_Serious_Injuries,7950
Significant_Damage_And_Fatalities,7952
Significant_Damage_And_Fatalities,7955
Significant_Damage_And_Serious_Injuries,7966
Highly_Fatal_And_Damaging,7981
Highly_Fatal_And_Damaging,7987
Minor_Damage_And_Injuries,7996
Significant_Damage_And_Serious_Injuries,7997
Minor_Damage_And_Injuries,8012
Significant_Damage_And_Serious_Injuries,8018
Minor_Damage_And_Injuries,8020
Highly_Fatal_And_Damaging,8021
Highly_Fatal_And_Damaging,8028
Minor_Damage_And_Injuries,8031
Significant_Damage_And_Serious_Injuries,8034
Minor_Damage_And_Injuries,8039
Highly_Fatal_And_Damaging,8044
Significant_Damage_And_Serious_Injuries,8046
Significant_Damage_And_Serious_Injuries,8049
Highly_Fatal_And_Damaging,8052
Significant_Damage_And_Fatalities,8054
Minor_Damage_And_Injuries,8057
Highly_Fatal_And_Damaging,8058
Minor_Damage_And_Injuries,8061
Highly_Fatal_And_Damaging,8074
Significant_Damage_And_Fatalities,8075
Highly_Fatal_And_Damaging,8078
Significant_Damage_And_Serious_Injuries,8081
Significant_Damage_And_Serious_Injuries,8084
Highly_Fatal_And_Damaging,8088
Minor_Damage_And_Injuries,8089
Highly_Fatal_And_Damaging,8090
Significant_Damage_And_Fatalities,8097
Highly_Fatal_And_Damaging,8101
Minor_Damage_And_Injuries,8105
Highly_Fatal_And_Damaging,8115
Highly_Fatal_And_Damaging,8122
Minor_Damage_And_Injuries,8125
Minor_Damage_And_Injuries,8132
Highly_Fatal_And_Damaging,8133
Highly_Fatal_And_Damaging,8136
Highly_Fatal_And_Damaging,8138
Highly_Fatal_And_Damaging,8144
Significant_Damage_And_Fatalities,8146
Highly_Fatal_And_Damaging,8150
Significant_Damage_And_Fatalities,8152
Highly_Fatal_And_Damaging,8157
Significant_Damage_And_Fatalities,8167
Minor_Damage_And_Injuries,8172
Significant_Damage_And_Fatalities,8178
Highly_Fatal_And_Damaging,8184
Significant_Damage_And_Serious_Injuries,8186
Highly_Fatal_And_Damaging,8187
Significant_Damage_And_Serious_Injuries,8190
Significant_Damage_And_Fatalities,8198
Significant_Damage_And_Fatalities,8200
Significant_Damage_And_Serious_Injuries,8206
Minor_Damage_And_Injuries,8217
Significant_Damage_And_Serious_Injuries,8221
Minor_Damage_And_Injuries,8224
Significant_Damage_And_Serious_Injuries,8230
Minor_Damage_And_Injuries,8233
Highly_Fatal_And_Damaging,8237
Minor_Damage_And_Injuries,8239
Significant_Damage_And_Fatalities,8240
Significant_Damage_And_Fatalities,8242
Significant_Damage_And_Serious_Injuries,8243
Highly_Fatal_And_Damaging,8246
Significant_Damage_And_Fatalities,8251
Highly_Fatal_And_Damaging,8253
Highly_Fatal_And_Damaging,8268
Significant_Damage_And_Serious_Injuries,8269
Highly_Fatal_And_Damaging,8277
Significant_Damage_And_Serious_Injuries,8287
Significant_Damage_And_Serious_Injuries,8294
Significant_Damage_And_Serious_Injuries,8297
Significant_Damage_And_Serious_Injuries,8314
Minor_Damage_And_Injuries,8315
Significant_Damage_And_Fatalities,8317
Minor_Damage_And_Injuries,8319
Minor_Damage_And_Injuries,8322
Highly_Fatal_And_Damaging,8327
Significant_Damage_And_Fatalities,8329
Highly_Fatal_And_Damaging,8336
Significant_Damage_And_Fatalities,8345
Highly_Fatal_And_Damaging,8361
Significant_Damage_And_Serious_Injuries,8362
Highly_Fatal_And_Damaging,8365
Highly_Fatal_And_Damaging,8369
Highly_Fatal_And_Damaging,8372
Minor_Damage_And_Injuries,8374
Significant_Damage_And_Serious_Injuries,8376
Highly_Fatal_And_Damaging,8377
Significant_Damage_And_Serious_Injuries,8388
Minor_Damage_And_Injuries,8389
Highly_Fatal_And_Damaging,8390
Highly_Fatal_And_Damaging,8395
Minor_Damage_And_Injuries,8402
Minor_Damage_And_Injuries,8412
Highly_Fatal_And_Damaging,8419
Highly_Fatal_And_Damaging,8426
Minor_Damage_And_Injuries,8428
Significant_Damage_And_Fatalities,8429
Significant_Damage_And_Serious_Injuries,8431
Significant_Damage_And_Serious_Injuries,8450
Significant_Damage_And_Serious_Injuries,8456
Significant_Damage_And_Fatalities,8463
Minor_Damage_And_Injuries,8490
Highly_Fatal_And_Damaging,8491
Highly_Fatal_And_Damaging,8496
Highly_Fatal_And_Damaging,8507
Significant_Damage_And_Fatalities,8513
Significant_Damage_And_Fatalities,8517
Significant_Damage_And_Serious_Injuries,8519
Highly_Fatal_And_Damaging,8524
Minor_Damage_And_Injuries,8542
Significant_Damage_And_Fatalities,8543
Significant_Damage_And_Fatalities,8551
Minor_Damage_And_Injuries,8553
Significant_Damage_And_Serious_Injuries,8562
Significant_Damage_And_Fatalities,8567
Minor_Damage_And_Injuries,8571
Significant_Damage_And_Fatalities,8574
Minor_Damage_And_Injuries,8575
Highly_Fatal_And_Damaging,8576
Minor_Damage_And_Injuries,8586
Minor_Damage_And_Injuries,8587
Highly_Fatal_And_Damaging,8590
Significant_Damage_And_Fatalities,8594
Significant_Damage_And_Fatalities,8596
Minor_Damage_And_Injuries,8599
Highly_Fatal_And_Damaging,8604
Significant_Damage_And_Serious_Injuries,8606
Minor_Damage_And_Injuries,8620
Highly_Fatal_And_Damaging,8623
Significant_Damage_And_Serious_Injuries,8643
Highly_Fatal_And_Damaging,8652
Significant_Damage_And_Serious_Injuries,8653
Significant_Damage_And_Serious_Injuries,8655
Minor_Damage_And_Injuries,8657
Significant_Damage_And_Fatalities,8663
Significant_Damage_And_Fatalities,8665
Significant_Damage_And_Serious_Injuries,8685
Highly_Fatal_And_Damaging,8715
Significant_Damage_And_Serious_Injuries,8719
Significant_Damage_And_Serious_Injuries,8724
Highly_Fatal_And_Damaging,8725
Significant_Damage_And_Serious_Injuries,8726
Highly_Fatal_And_Damaging,8728
Highly_Fatal_And_Damaging,8729
Minor_Damage_And_Injuries,8730
Highly_Fatal_And_Damaging,8737
Highly_Fatal_And_Damaging,8743
Significant_Damage_And_Serious_Injuries,8744
Significant_Damage_And_Serious_Injuries,8747
Minor_Damage_And_Injuries,8749
Minor_Damage_And_Injuries,8751
Significant_Damage_And_Fatalities,8754
Highly_Fatal_And_Damaging,8756
Minor_Damage_And_Injuries,8759
Minor_Damage_And_Injuries,8767
Highly_Fatal_And_Damaging,8772
Highly_Fatal_And_Damaging,8773
Highly_Fatal_And_Damaging,8776
Significant_Damage_And_Serious_Injuries,8780
Highly_Fatal_And_Damaging,8781
Highly_Fatal_And_Damaging,8786
Minor_Damage_And_Injuries,8791
Significant_Damage_And_Serious_Injuries,8793
Highly_Fatal_And_Damaging,8796
Significant_Damage_And_Serious_Injuries,8798
Minor_Damage_And_Injuries,8804
Significant_Damage_And_Serious_Injuries,8812
Significant_Damage_And_Serious_Injuries,8815
Significant_Damage_And_Fatalities,8862
Significant_Damage_And_Fatalities,8867
Highly_Fatal_And_Damaging,8870
Minor_Damage_And_Injuries,8873
Minor_Damage_And_Injuries,8875
Significant_Damage_And_Serious_Injuries,8881
Minor_Damage_And_Injuries,8882
Significant_Damage_And_Serious_Injuries,8901
Minor_Damage_And_Injuries,8903
Significant_Damage_And_Serious_Injuries,8905
Significant_Damage_And_Serious_Injuries,8908
Significant_Damage_And_Serious_Injuries,8909
Significant_Damage_And_Serious_Injuries,8913
Highly_Fatal_And_Damaging,8916
Minor_Damage_And_Injuries,8931
Minor_Damage_And_Injuries,8936
Significant_Damage_And_Fatalities,8943
Significant_Damage_And_Fatalities,8944
Significant_Damage_And_Fatalities,8961
Minor_Damage_And_Injuries,8970
Highly_Fatal_And_Damaging,8976
Significant_Damage_And_Fatalities,8983
Minor_Damage_And_Injuries,8989
Significant_Damage_And_Fatalities,8998
Highly_Fatal_And_Damaging,8999
Highly_Fatal_And_Damaging,9002
Highly_Fatal_And_Damaging,9013
Minor_Damage_And_Injuries,9014
Highly_Fatal_And_Damaging,9018
Significant_Damage_And_Fatalities,9026
Minor_Damage_And_Injuries,9027
Significant_Damage_And_Serious_Injuries,9033
Significant_Damage_And_Serious_Injuries,9035
Highly_Fatal_And_Damaging,9040
Significant_Damage_And_Fatalities,9047
Minor_Damage_And_Injuries,9049
Minor_Damage_And_Injuries,9051
Significant_Damage_And_Fatalities,9057
Significant_Damage_And_Serious_Injuries,9072
Significant_Damage_And_Serious_Injuries,9078
Highly_Fatal_And_Damaging,9080
Significant_Damage_And_Serious_Injuries,9081
Minor_Damage_And_Injuries,9083
Significant_Damage_And_Fatalities,9088
Significant_Damage_And_Serious_Injuries,9089
Significant_Damage_And_Serious_Injuries,9109
Significant_Damage_And_Fatalities,9111
Minor_Damage_And_Injuries,9113
Highly_Fatal_And_Damaging,9117
Significant_Damage_And_Fatalities,9119
Significant_Damage_And_Serious_Injuries,9123
Significant_Damage_And_Serious_Injuries,9127
Highly_Fatal_And_Damaging,9135
Significant_Damage_And_Fatalities,9139
Highly_Fatal_And_Damaging,9143
Highly_Fatal_And_Damaging,9148
Minor_Damage_And_Injuries,9160
Minor_Damage_And_Injuries,9166
Significant_Damage_And_Serious_Injuries,9176
Minor_Damage_And_Injuries,9177
Minor_Damage_And_Injuries,9178
Minor_Damage_And_Injuries,9181
Significant_Damage_And_Serious_Injuries,9185
Significant_Damage_And_Fatalities,9187
Minor_Damage_And_Injuries,9192
Highly_Fatal_And_Damaging,9200
Highly_Fatal_And_Damaging,9212
Highly_Fatal_And_Damaging,9219
Significant_Damage_And_Fatalities,9230
Minor_Damage_And_Injuries,9231
Highly_Fatal_And_Damaging,9232
Significant_Damage_And_Serious_Injuries,9239
Significant_Damage_And_Serious_Injuries,9242
Significant_Damage_And_Serious_Injuries,9245
Highly_Fatal_And_Damaging,9247
Minor_Damage_And_Injuries,9250
Highly_Fatal_And_Damaging,9252
Highly_Fatal_And_Damaging,9257
Significant_Damage_And_Fatalities,9260
Significant_Damage_And_Fatalities,9264
Minor_Damage_And_Injuries,9266
Highly_Fatal_And_Damaging,9270
Minor_Damage_And_Injuries,9274
Significant_Damage_And_Serious_Injuries,9279
Significant_Damage_And_Fatalities,9281
Significant_Damage_And_Serious_Injuries,9282
Highly_Fatal_And_Damaging,9283
Significant_Damage_And_Fatalities,9292
Minor_Damage_And_Injuries,9300
Significant_Damage_And_Serious_Injuries,9302
Minor_Damage_And_Injuries,9303
Highly_Fatal_And_Damaging,9308
Significant_Damage_And_Serious_Injuries,9313
Significant_Damage_And_Serious_Injuries,9321
Highly_Fatal_And_Damaging,9324
Highly_Fatal_And_Damaging,9333
Highly_Fatal_And_Damaging,9340
Significant_Damage_And_Serious_Injuries,9349
Significant_Damage_And_Serious_Injuries,9351
Minor_Damage_And_Injuries,9352
Minor_Damage_And_Injuries,9353
Significant_Damage_And_Serious_Injuries,9359
Highly_Fatal_And_Damaging,9363
Significant_Damage_And_Serious_Injuries,9365
Significant_Damage_And_Serious_Injuries,9373
Significant_Damage_And_Fatalities,9377
Significant_Damage_And_Serious_Injuries,9383
Highly_Fatal_And_Damaging,9389
Minor_Damage_And_Injuries,9392
Highly_Fatal_And_Damaging,9400
Significant_Damage_And_Fatalities,9401
Significant_Damage_And_Serious_Injuries,9407
Highly_Fatal_And_Damaging,9408
Significant_Damage_And_Serious_Injuries,9417
Significant_Damage_And_Serious_Injuries,9423
Minor_Damage_And_Injuries,9424
Highly_Fatal_And_Damaging,9430
Minor_Damage_And_Injuries,9449
Highly_Fatal_And_Damaging,9452
Minor_Damage_And_Injuries,9453
Minor_Damage_And_Injuries,9456
Minor_Damage_And_Injuries,9461
Significant_Damage_And_Serious_Injuries,9463
Significant_Damage_And_Serious_Injuries,9465
Highly_Fatal_And_Damaging,9471
Minor_Damage_And_Injuries,9484
Highly_Fatal_And_Damaging,9489
Significant_Damage_And_Fatalities,9495
Highly_Fatal_And_Damaging,9508
Minor_Damage_And_Injuries,9515
Significant_Damage_And_Fatalities,9521
Significant_Damage_And_Serious_Injuries,9528
Significant_Damage_And_Serious_Injuries,9534
Highly_Fatal_And_Damaging,9539
Significant_Damage_And_Serious_Injuries,9540
Highly_Fatal_And_Damaging,9553
Significant_Damage_And_Serious_Injuries,9557
Minor_Damage_And_Injuries,9565
Highly_Fatal_And_Damaging,9572
Minor_Damage_And_Injuries,9583
Highly_Fatal_And_Damaging,9584
Minor_Damage_And_Injuries,9585
Highly_Fatal_And_Damaging,9588
Highly_Fatal_And_Damaging,9591
Significant_Damage_And_Serious_Injuries,9595
Significant_Damage_And_Serious_Injuries,9602
Highly_Fatal_And_Damaging,9612
Highly_Fatal_And_Damaging,9615
Minor_Damage_And_Injuries,9622
Significant_Damage_And_Serious_Injuries,9632
Highly_Fatal_And_Damaging,9636
Highly_Fatal_And_Damaging,9640
Significant_Damage_And_Serious_Injuries,9641
Significant_Damage_And_Fatalities,9648
Highly_Fatal_And_Damaging,9659
Minor_Damage_And_Injuries,9667
Minor_Damage_And_Injuries,9669
Highly_Fatal_And_Damaging,9672
Significant_Damage_And_Fatalities,9689
Minor_Damage_And_Injuries,9694
Significant_Damage_And_Fatalities,9695
Minor_Damage_And_Injuries,9696
Highly_Fatal_And_Damaging,9699
Minor_Damage_And_Injuries,9717
Highly_Fatal_And_Damaging,9720
Significant_Damage_And_Fatalities,9721
Highly_Fatal_And_Damaging,9729
Significant_Damage_And_Serious_Injuries,9736
Minor_Damage_And_Injuries,9740
Minor_Damage_And_Injuries,9746
Significant_Damage_And_Serious_Injuries,9748
Significant_Damage_And_Fatalities,9750
Significant_Damage_And_Fatalities,9751
Minor_Damage_And_Injuries,9755
Significant_Damage_And_Serious_Injuries,9757
Significant_Damage_And_Serious_Injuries,9759
Significant_Damage_And_Fatalities,9761
Highly_Fatal_And_Damaging,9770
Minor_Damage_And_Injuries,9778
Significant_Damage_And_Fatalities,9779
Highly_Fatal_And_Damaging,9783
Significant_Damage_And_Fatalities,9784
Highly_Fatal_And_Damaging,9791
Minor_Damage_And_Injuries,9798
Minor_Damage_And_Injuries,9804
Highly_Fatal_And_Damaging,9809
Minor_Damage_And_Injuries,9811
Significant_Damage_And_Serious_Injuries,9817
Highly_Fatal_And_Damaging,9818
Significant_Damage_And_Fatalities,9819
Significant_Damage_And_Serious_Injuries,9820
Highly_Fatal_And_Damaging,9838
Highly_Fatal_And_Damaging,9840
Significant_Damage_And_Fatalities,9856
Highly_Fatal_And_Damaging,9858
Significant_Damage_And_Serious_Injuries,9861
Significant_Damage_And_Serious_Injuries,9864
Significant_Damage_And_Serious_Injuries,9866
Highly_Fatal_And_Damaging,9889
Highly_Fatal_And_Damaging,9890
Minor_Damage_And_Injuries,9894
Highly_Fatal_And_Damaging,9896
Significant_Damage_And_Serious_Injuries,9900
Highly_Fatal_And_Damaging,9901
Highly_Fatal_And_Damaging,9903
Significant_Damage_And_Serious_Injuries,9905
Minor_Damage_And_Injuries,9906
Significant_Damage_And_Fatalities,9912
Minor_Damage_And_Injuries,9913
Highly_Fatal_And_Damaging,9915
Significant_Damage_And_Fatalities,9918
Minor_Damage_And_Injuries,9919
Significant_Damage_And_Fatalities,9920
Highly_Fatal_And_Damaging,9924
Minor_Damage_And_Injuries,9925
Highly_Fatal_And_Damaging,9930
Highly_Fatal_And_Damaging,9936
Significant_Damage_And_Serious_Injuries,9939
Significant_Damage_And_Serious_Injuries,9945
Minor_Damage_And_Injuries,9947
Significant_Damage_And_Fatalities,9948
Minor_Damage_And_Injuries,9956
Significant_Damage_And_Fatalities,9963
Significant_Damage_And_Fatalities,9965
Significant_Damage_And_Fatalities,9969
Significant_Damage_And_Serious_Injuries,9972
Significant_Damage_And_Serious_Injuries,9980
Significant_Damage_And_Serious_Injuries,9985
Significant_Damage_And_Fatalities,9991
Minor_Damage_And_Injuries,9999
Highly_Fatal_And_Damaging,10000
Highly_Fatal_And_Damaging,10002
Highly_Fatal_And_Damaging,10004
Minor_Damage_And_Injuries,10006
Significant_Damage_And_Serious_Injuries,10008
Significant_Damage_And_Fatalities,10024
Significant_Damage_And_Serious_Injuries,10032
Highly_Fatal_And_Damaging,10038
Minor_Damage_And_Injuries,10054
Significant_Damage_And_Serious_Injuries,10057
Minor_Damage_And_Injuries,10062
Minor_Damage_And_Injuries,10069
Highly_Fatal_And_Damaging,10074
Significant_Damage_And_Serious_Injuries,10085
Minor_Damage_And_Injuries,10086
Significant_Damage_And_Serious_Injuries,10089
Significant_Damage_And_Fatalities,10092
Significant_Damage_And_Serious_Injuries,10102
Highly_Fatal_And_Damaging,10104
Highly_Fatal_And_Damaging,10112
Significant_Damage_And_Fatalities,10114
Significant_Damage_And_Serious_Injuries,10129
Highly_Fatal_And_Damaging,10134
Significant_Damage_And_Serious_Injuries,10138
Significant_Damage_And_Serious_Injuries,10145
Minor_Damage_And_Injuries,10152
Significant_Damage_And_Fatalities,10156
Significant_Damage_And_Fatalities,10171
Highly_Fatal_And_Damaging,10182
Significant_Damage_And_Fatalities,10183
Highly_Fatal_And_Damaging,10185
Minor_Damage_And_Injuries,10194
Highly_Fatal_And_Damaging,10199
Significant_Damage_And_Fatalities,10212
Minor_Damage_And_Injuries,10220
Significant_Damage_And_Fatalities,10222
Minor_Damage_And_Injuries,10233
Significant_Damage_And_Serious_Injuries,10235
Highly_Fatal_And_Damaging,10236
Minor_Damage_And_Injuries,10243
Significant_Damage_And_Serious_Injuries,10247
Significant_Damage_And_Serious_Injuries,10251
Significant_Damage_And_Serious_Injuries,10253
Minor_Damage_And_Injuries,10263
Highly_Fatal_And_Damaging,10273
Highly_Fatal_And_Damaging,10276
Minor_Damage_And_Injuries,10282
Highly_Fatal_And_Damaging,10291
Minor_Damage_And_Injuries,10298
Significant_Damage_And_Serious_Injuries,10300
Significant_Damage_And_Fatalities,10303
Significant_Damage_And_Fatalities,10306
Significant_Damage_And_Serious_Injuries,10307
Highly_Fatal_And_Damaging,10310
Minor_Damage_And_Injuries,10316
Minor_Damage_And_Injuries,10324
Significant_Damage_And_Serious_Injuries,10325
Significant_Damage_And_Fatalities,10331
Significant_Damage_And_Serious_Injuries,10332
Significant_Damage_And_Serious_Injuries,10338
Significant_Damage_And_Fatalities,10351
Minor_Damage_And_Injuries,10358
Minor_Damage_And_Injuries,10359
Minor_Damage_And_Injuries,10360
Highly_Fatal_And_Damaging,10366
Significant_Damage_And_Fatalities,10372
Highly_Fatal_And_Damaging,10374
Significant_Damage_And_Serious_Injuries,10390
Highly_Fatal_And_Damaging,10400
Highly_Fatal_And_Damaging,10404
Highly_Fatal_And_Damaging,10406
Minor_Damage_And_Injuries,10425
Highly_Fatal_And_Damaging,10442
Significant_Damage_And_Fatalities,10452
Minor_Damage_And_Injuries,10465
Significant_Damage_And_Serious_Injuries,10467
Significant_Damage_And_Fatalities,10480
Significant_Damage_And_Serious_Injuries,10483
Significant_Damage_And_Fatalities,10486
Highly_Fatal_And_Damaging,10490
Significant_Damage_And_Serious_Injuries,10491
Minor_Damage_And_Injuries,10495
Highly_Fatal_And_Damaging,10496
Minor_Damage_And_Injuries,10504
Minor_Damage_And_Injuries,10506
Highly_Fatal_And_Damaging,10508
Highly_Fatal_And_Damaging,10514
Highly_Fatal_And_Damaging,10515
Significant_Damage_And_Serious_Injuries,10517
Significant_Damage_And_Serious_Injuries,10518
Highly_Fatal_And_Damaging,10520
Minor_Damage_And_Injuries,10527
Highly_Fatal_And_Damaging,10535
Significant_Damage_And_Serious_Injuries,10536
Significant_Damage_And_Serious_Injuries,10547
Highly_Fatal_And_Damaging,10553
Highly_Fatal_And_Damaging,10555
Significant_Damage_And_Serious_Injuries,10556
Significant_Damage_And_Serious_Injuries,10557
Minor_Damage_And_Injuries,10560
Highly_Fatal_And_Damaging,10572
Highly_Fatal_And_Damaging,10573
Minor_Damage_And_Injuries,10582
Significant_Damage_And_Fatalities,10587
Highly_Fatal_And_Damaging,10588
Significant_Damage_And_Serious_Injuries,10596
Minor_Damage_And_Injuries,10600
Significant_Damage_And_Fatalities,10601
Minor_Damage_And_Injuries,10604
Significant_Damage_And_Serious_Injuries,10607
Significant_Damage_And_Serious_Injuries,10613
Highly_Fatal_And_Damaging,10618
Significant_Damage_And_Serious_Injuries,10621
Highly_Fatal_And_Damaging,10624
Highly_Fatal_And_Damaging,10633
Significant_Damage_And_Serious_Injuries,10638
Significant_Damage_And_Serious_Injuries,10640
Highly_Fatal_And_Damaging,10644
Minor_Damage_And_Injuries,10647
Highly_Fatal_And_Damaging,10653
Significant_Damage_And_Serious_Injuries,10657
Significant_Damage_And_Serious_Injuries,10658
Minor_Damage_And_Injuries,10670
Significant_Damage_And_Fatalities,10674
Significant_Damage_And_Fatalities,10685
Highly_Fatal_And_Damaging,10687
Significant_Damage_And_Fatalities,10691
Minor_Damage_And_Injuries,10692
Significant_Damage_And_Serious_Injuries,10698
Highly_Fatal_And_Damaging,10699
Significant_Damage_And_Serious_Injuries,10702
Highly_Fatal_And_Damaging,10711
Minor_Damage_And_Injuries,10713
Minor_Damage_And_Injuries,10718
Significant_Damage_And_Serious_Injuries,10729
Significant_Damage_And_Serious_Injuries,10733
Significant_Damage_And_Fatalities,10736
Significant_Damage_And_Serious_Injuries,10737
Significant_Damage_And_Serious_Injuries,10740
Significant_Damage_And_Fatalities,10746
Highly_Fatal_And_Damaging,10748
Highly_Fatal_And_Damaging,10749
Significant_Damage_And_Serious_Injuries,10750
Highly_Fatal_And_Damaging,10751
Significant_Damage_And_Serious_Injuries,10753
Minor_Damage_And_Injuries,10776
Highly_Fatal_And_Damaging,10781
Significant_Damage_And_Serious_Injuries,10786
Significant_Damage_And_Fatalities,10792
Highly_Fatal_And_Damaging,10798
Minor_Damage_And_Injuries,10799
Highly_Fatal_And_Damaging,10808
Highly_Fatal_And_Damaging,10809
Minor_Damage_And_Injuries,10810
Significant_Damage_And_Serious_Injuries,10812
Significant_Damage_And_Serious_Injuries,10813
Highly_Fatal_And_Damaging,10815
Minor_Damage_And_Injuries,10819
Minor_Damage_And_Injuries,10821
Highly_Fatal_And_Damaging,10826
Minor_Damage_And_Injuries,10832
Highly_Fatal_And_Damaging,10836
Significant_Damage_And_Fatalities,10846
Minor_Damage_And_Injuries,10853
Highly_Fatal_And_Damaging,10854
Minor_Damage_And_Injuries,10866
Highly_Fatal_And_Damaging,10867
Minor_Damage_And_Injuries,10875
Minor_Damage_And_Injuries,10882
Significant_Damage_And_Fatalities,10892
Significant_Damage_And_Serious_Injuries,10895
Highly_Fatal_And_Damaging,10915
Highly_Fatal_And_Damaging,10921
Highly_Fatal_And_Damaging,10926
Significant_Damage_And_Fatalities,10927
Minor_Damage_And_Injuries,10934
Significant_Damage_And_Serious_Injuries,10936
Minor_Damage_And_Injuries,10938
Significant_Damage_And_Fatalities,10941
Significant_Damage_And_Serious_Injuries,10953
Highly_Fatal_And_Damaging,10956
Minor_Damage_And_Injuries,10957
Highly_Fatal_And_Damaging,10959
Significant_Damage_And_Fatalities,10960
Significant_Damage_And_Serious_Injuries,10963
Highly_Fatal_And_Damaging,10970
Significant_Damage_And_Serious_Injuries,10981
Highly_Fatal_And_Damaging,10982
Significant_Damage_And_Fatalities,10984
Minor_Damage_And_Injuries,10988
Highly_Fatal_And_Damaging,10996
Minor_Damage_And_Injuries,11002
Highly_Fatal_And_Damaging,11011
Minor_Damage_And_Injuries,11017
Minor_Damage_And_Injuries,11019
Minor_Damage_And_Injuries,11024
Highly_Fatal_And_Damaging,11029
Significant_Damage_And_Serious_Injuries,11030
Highly_Fatal_And_Damaging,11032
Highly_Fatal_And_Damaging,11036
Significant_Damage_And_Fatalities,11037
Highly_Fatal_And_Damaging,11040
Highly_Fatal_And_Damaging,11043
Highly_Fatal_And_Damaging,11051
Highly_Fatal_And_Damaging,11055
Significant_Damage_And_Fatalities,11056
Significant_Damage_And_Serious_Injuries,11059
Significant_Damage_And_Serious_Injuries,11063
Significant_Damage_And_Serious_Injuries,11067
Minor_Damage_And_Injuries,11069
Minor_Damage_And_Injuries,11080
Highly_Fatal_And_Damaging,11082
Significant_Damage_And_Serious_Injuries,11083
Significant_Damage_And_Fatalities,11095
Highly_Fatal_And_Damaging,11102
Minor_Damage_And_Injuries,11114
Highly_Fatal_And_Damaging,11115
Minor_Damage_And_Injuries,11122
Highly_Fatal_And_Damaging,11125
Highly_Fatal_And_Damaging,11132
Highly_Fatal_And_Damaging,11140
Significant_Damage_And_Fatalities,11147
Significant_Damage_And_Serious_Injuries,11148
Highly_Fatal_And_Damaging,11151
Significant_Damage_And_Serious_Injuries,11156
Highly_Fatal_And_Damaging,11168
Highly_Fatal_And_Damaging,11174
Significant_Damage_And_Serious_Injuries,11175
Highly_Fatal_And_Damaging,11180
Significant_Damage_And_Serious_Injuries,11189
Significant_Damage_And_Fatalities,11193
Highly_Fatal_And_Damaging,11196
Minor_Damage_And_Injuries,11197
Minor_Damage_And_Injuries,11198
Significant_Damage_And_Serious_Injuries,11199
Minor_Damage_And_Injuries,11204
Significant_Damage_And_Fatalities,11211
Significant_Damage_And_Serious_Injuries,11225
Minor_Damage_And_Injuries,11235
Highly_Fatal_And_Damaging,11239
Significant_Damage_And_Serious_Injuries,11241
Significant_Damage_And_Serious_Injuries,11250
Significant_Damage_And_Serious_Injuries,11251
Highly_Fatal_And_Damaging,11254
Significant_Damage_And_Serious_Injuries,11260
Minor_Damage_And_Injuries,11261
Highly_Fatal_And_Damaging,11263
Highly_Fatal_And_Damaging,11267
Minor_Damage_And_Injuries,11270
Significant_Damage_And_Serious_Injuries,11272
Significant_Damage_And_Serious_Injuries,11275
Minor_Damage_And_Injuries,11276
Minor_Damage_And_Injuries,11280
Highly_Fatal_And_Damaging,11282
Highly_Fatal_And_Damaging,11287
Significant_Damage_And_Serious_Injuries,11289
Significant_Damage_And_Serious_Injuries,11291
Significant_Damage_And_Serious_Injuries,11293
Significant_Damage_And_Serious_Injuries,11297
Significant_Damage_And_Fatalities,11301
Minor_Damage_And_Injuries,11308
Highly_Fatal_And_Damaging,11309
Minor_Damage_And_Injuries,11310
Highly_Fatal_And_Damaging,11311
Significant_Damage_And_Serious_Injuries,11312
Highly_Fatal_And_Damaging,11315
Significant_Damage_And_Fatalities,11317
Significant_Damage_And_Fatalities,11326
Significant_Damage_And_Fatalities,11334
Highly_Fatal_And_Damaging,11337
Significant_Damage_And_Serious_Injuries,11339
Significant_Damage_And_Serious_Injuries,11346
Highly_Fatal_And_Damaging,11347
Significant_Damage_And_Serious_Injuries,11348
Highly_Fatal_And_Damaging,11352
Significant_Damage_And_Fatalities,11357
Highly_Fatal_And_Damaging,11360
Minor_Damage_And_Injuries,11368
Highly_Fatal_And_Damaging,11396
Significant_Damage_And_Serious_Injuries,11405
Minor_Damage_And_Injuries,11411
Significant_Damage_And_Serious_Injuries,11412
Significant_Damage_And_Fatalities,11414
Minor_Damage_And_Injuries,11417
Highly_Fatal_And_Damaging,11421
Highly_Fatal_And_Damaging,11424
Minor_Damage_And_Injuries,11428
Highly_Fatal_And_Damaging,11436
Highly_Fatal_And_Damaging,11438
Highly_Fatal_And_Damaging,11439
Significant_Damage_And_Serious_Injuries,11449
Minor_Damage_And_Injuries,11454
Highly_Fatal_And_Damaging,11456
Minor_Damage_And_Injuries,11458
Highly_Fatal_And_Damaging,11460
Significant_Damage_And_Serious_Injuries,11461
Minor_Damage_And_Injuries,11467
Significant_Damage_And_Serious_Injuries,11468
Highly_Fatal_And_Damaging,11480
Highly_Fatal_And_Damaging,11485
Highly_Fatal_And_Damaging,11486
Minor_Damage_And_Injuries,11491
Significant_Damage_And_Serious_Injuries,11498
Minor_Damage_And_Injuries,11501
Significant_Damage_And_Serious_Injuries,11502
Significant_Damage_And_Fatalities,11506
Highly_Fatal_And_Damaging,11521
Significant_Damage_And_Serious_Injuries,11523
Minor_Damage_And_Injuries,11524
Minor_Damage_And_Injuries,11529
Significant_Damage_And_Fatalities,11532
Minor_Damage_And_Injuries,11542
Minor_Damage_And_Injuries,11555
Significant_Damage_And_Serious_Injuries,11559
Significant_Damage_And_Serious_Injuries,11563
Highly_Fatal_And_Damaging,11566
Significant_Damage_And_Fatalities,11572
Minor_Damage_And_Injuries,11575
Minor_Damage_And_Injuries,11577
Minor_Damage_And_Injuries,11579
Significant_Damage_And_Serious_Injuries,11581
Significant_Damage_And_Serious_Injuries,11591
Highly_Fatal_And_Damaging,11594
Minor_Damage_And_Injuries,11598
Significant_Damage_And_Fatalities,11599
Significant_Damage_And_Fatalities,11601
Significant_Damage_And_Fatalities,11602
Highly_Fatal_And_Damaging,11603
Highly_Fatal_And_Damaging,11610
Significant_Damage_And_Serious_Injuries,11611
Highly_Fatal_And_Damaging,11614
Significant_Damage_And_Serious_Injuries,11621
Significant_Damage_And_Serious_Injuries,11625
Highly_Fatal_And_Damaging,11632
Significant_Damage_And_Fatalities,11633
Significant_Damage_And_Serious_Injuries,11639
Minor_Damage_And_Injuries,11643
Highly_Fatal_And_Damaging,11647
Highly_Fatal_And_Damaging,11648
Highly_Fatal_And_Damaging,11650
Highly_Fatal_And_Damaging,11657
Significant_Damage_And_Serious_Injuries,11662
Highly_Fatal_And_Damaging,11667
Significant_Damage_And_Serious_Injuries,11681
Highly_Fatal_And_Damaging,11687
Minor_Damage_And_Injuries,11691
Significant_Damage_And_Serious_Injuries,11707
Significant_Damage_And_Fatalities,11708
Highly_Fatal_And_Damaging,11722
Significant_Damage_And_Fatalities,11726
Significant_Damage_And_Fatalities,11729
Highly_Fatal_And_Damaging,11735
Significant_Damage_And_Serious_Injuries,11739
Highly_Fatal_And_Damaging,11741
Highly_Fatal_And_Damaging,11748
Significant_Damage_And_Fatalities,11749
Significant_Damage_And_Serious_Injuries,11757
Minor_Damage_And_Injuries,11758
Highly_Fatal_And_Damaging,11765
Highly_Fatal_And_Damaging,11766
Significant_Damage_And_Serious_Injuries,11770
Minor_Damage_And_Injuries,11772
Minor_Damage_And_Injuries,11778
Minor_Damage_And_Injuries,11786
Significant_Damage_And_Serious_Injuries,11789
Highly_Fatal_And_Damaging,11797
Significant_Damage_And_Serious_Injuries,11800
Highly_Fatal_And_Damaging,11804
Minor_Damage_And_Injuries,11810
Significant_Damage_And_Serious_Injuries,11842
Significant_Damage_And_Serious_Injuries,11843
Minor_Damage_And_Injuries,11847
Minor_Damage_And_Injuries,11848
Significant_Damage_And_Serious_Injuries,11849
Significant_Damage_And_Serious_Injuries,11850
Highly_Fatal_And_Damaging,11876
Minor_Damage_And_Injuries,11879
Significant_Damage_And_Fatalities,11882
Highly_Fatal_And_Damaging,11890
Significant_Damage_And_Serious_Injuries,11894
Significant_Damage_And_Serious_Injuries,11897
Minor_Damage_And_Injuries,11900
Significant_Damage_And_Fatalities,11904
Significant_Damage_And_Serious_Injuries,11913
Significant_Damage_And_Serious_Injuries,11933
Minor_Damage_And_Injuries,11943
Highly_Fatal_And_Damaging,11944
Significant_Damage_And_Serious_Injuries,11949
Minor_Damage_And_Injuries,11952
Highly_Fatal_And_Damaging,11957
Highly_Fatal_And_Damaging,11960
Minor_Damage_And_Injuries,11975
Highly_Fatal_And_Damaging,11978
Significant_Damage_And_Serious_Injuries,11983
Significant_Damage_And_Serious_Injuries,11990
Minor_Damage_And_Injuries,12002
Significant_Damage_And_Serious_Injuries,12004
Significant_Damage_And_Serious_Injuries,12011
Highly_Fatal_And_Damaging,12016
Minor_Damage_And_Injuries,12020
Highly_Fatal_And_Damaging,12023
Significant_Damage_And_Serious_Injuries,12024
Highly_Fatal_And_Damaging,12025
Significant_Damage_And_Serious_Injuries,12045
Highly_Fatal_And_Damaging,12051
Significant_Damage_And_Fatalities,12054
Significant_Damage_And_Serious_Injuries,12055
Minor_Damage_And_Injuries,12060
Highly_Fatal_And_Damaging,12065
Significant_Damage_And_Serious_Injuries,12068
Significant_Damage_And_Serious_Injuries,12069
Significant_Damage_And_Serious_Injuries,12070
Minor_Damage_And_Injuries,12072
Significant_Damage_And_Serious_Injuries,12079
Highly_Fatal_And_Damaging,12080
Significant_Damage_And_Serious_Injuries,12086
Significant_Damage_And_Serious_Injuries,12096
Significant_Damage_And_Serious_Injuries,12105
Highly_Fatal_And_Damaging,12106
Significant_Damage_And_Serious_Injuries,12107
Significant_Damage_And_Fatalities,12121
Highly_Fatal_And_Damaging,12125
Highly_Fatal_And_Damaging,12133
Significant_Damage_And_Serious_Injuries,12134
Highly_Fatal_And_Damaging,12150
Significant_Damage_And_Fatalities,12152
Minor_Damage_And_Injuries,12163
Significant_Damage_And_Fatalities,12173
Minor_Damage_And_Injuries,12186
Highly_Fatal_And_Damaging,12188
Minor_Damage_And_Injuries,12191
Significant_Damage_And_Serious_Injuries,12193
Minor_Damage_And_Injuries,12196
Highly_Fatal_And_Damaging,12198
Minor_Damage_And_Injuries,12222
Significant_Damage_And_Serious_Injuries,12224
Significant_Damage_And_Fatalities,12225
Highly_Fatal_And_Damaging,12229
Highly_Fatal_And_Damaging,12234
Highly_Fatal_And_Damaging,12235
Minor_Damage_And_Injuries,12236
Significant_Damage_And_Serious_Injuries,12246
Highly_Fatal_And_Damaging,12250
Minor_Damage_And_Injuries,12263
Highly_Fatal_And_Damaging,12264
Significant_Damage_And_Serious_Injuries,12269
Minor_Damage_And_Injuries,12277
Highly_Fatal_And_Damaging,12292
Significant_Damage_And_Serious_Injuries,12310
Highly_Fatal_And_Damaging,12318
Highly_Fatal_And_Damaging,12329
Minor_Damage_And_Injuries,12332
Significant_Damage_And_Serious_Injuries,12340
Significant_Damage_And_Serious_Injuries,12346
Significant_Damage_And_Fatalities,12353
Significant_Damage_And_Fatalities,12354
Highly_Fatal_And_Damaging,12356
Significant_Damage_And_Serious_Injuries,12366
Significant_Damage_And_Fatalities,12367
Minor_Damage_And_Injuries,12378
Minor_Damage_And_Injuries,12389
Minor_Damage_And_Injuries,12390
Highly_Fatal_And_Damaging,12402
Highly_Fatal_And_Damaging,12406
Highly_Fatal_And_Damaging,12412
Minor_Damage_And_Injuries,12413
Significant_Damage_And_Fatalities,12415
Significant_Damage_And_Fatalities,12420
Highly_Fatal_And_Damaging,12423
Minor_Damage_And_Injuries,12432
Minor_Damage_And_Injuries,12433
Minor_Damage_And_Injuries,12435
Minor_Damage_And_Injuries,12436
Significant_Damage_And_Serious_Injuries,12437
Minor_Damage_And_Injuries,12438
Minor_Damage_And_Injuries,12442
Minor_Damage_And_Injuries,12444
Significant_Damage_And_Fatalities,12446
Highly_Fatal_And_Damaging,12461
Significant_Damage_And_Fatalities,12473
Significant_Damage_And_Serious_Injuries,12474
Highly_Fatal_And_Damaging,12476
Significant_Damage_And_Fatalities,12484
Highly_Fatal_And_Damaging,12487
Minor_Damage_And_Injuries,12488
Significant_Damage_And_Serious_Injuries,12491
Highly_Fatal_And_Damaging,12493
